,year,round,circuitId,weather,weather2,weather_warm,weather_cold,weather_dry,weather_wet,weather_cloudy
0,2009,1,1,Sunny with temperatures reaching up to    °C (   °F)  ],Sunny with temperatures reaching up to 27 °C (81 °F) 2],1,0,0,0,0
1,2009,2,2,Dry start  with heavy rain and thunderstorm monsoon later,Dry start  with heavy rain and thunderstorm/monsoon later,0,0,1,1,0
2,2009,3,17,Rain,Rain,0,0,0,1,0
3,2009,4,3,Sunny,Sunny,1,0,0,0,0
4,2009,5,4,Warm  Sunny,Warm  Sunny,1,0,0,0,0
5,2009,6,6,Sunny,Sunny,1,0,0,0,0
6,2009,7,5,Sunny,Sunny,1,0,0,0,0
7,2009,8,9,Dry  overcast,Dry  overcast,0,0,1,0,1
8,2009,9,20,Sunny and overcast,Sunny and overcast,1,0,0,0,1
9,2009,10,11,Sunny   °C (   °F)  ],Sunny25 °C (77 °F) 2],1,0,0,0,0
10,2009,11,12,Hot and dry with temperatures reaching up to    °C (   °F)  ],Hot and dry with temperatures reaching up to 33 °C (91 °F) 1],1,0,1,0,0
11,2009,12,13,Clear but Mild,Clear but Mild,1,0,0,0,0
12,2009,13,14,Mainly sunny,Mainly sunny,1,0,0,0,0
13,2009,14,15,Hot and Dry,Hot and Dry,1,0,1,0,0
14,2009,15,22,Sunny  Dry,Sunny  Dry,1,0,1,0,0
15,2009,16,18,Partially cloudy and dry,Partially cloudy and dry,0,0,1,0,1
16,2009,17,24,Dry,Dry,0,0,1,0,0
17,2008,1,1,Sunny very hot with air temperature   °C ,Sunny very hot with air temperature 39°C ,1,0,0,0,0
18,2008,2,2,Sunny  partly cloudy,Sunny  partly cloudy,1,0,0,0,1
19,2008,3,3,Dry,Dry,0,0,1,0,0
20,2008,4,4,Sunny,Sunny,1,0,0,0,0
21,2008,5,5,Sunny with temperatures reaching up to    °C (   °F)  ],Sunny with temperatures reaching up to 17 °C (63 °F) 3],1,0,0,0,0
22,2008,6,6,Wet  drying later ,Wet  drying later ,0,0,0,1,0
23,2008,7,7,Hot with temperatures approaching    °C (   °F)  wind speeds up to     kilometres per hour (    mph)  ],Hot with temperatures approaching 31 °C (88 °F); wind speeds up to 8 9 kilometres per hour (5 5 mph) 1],1,0,0,0,0
24,2008,8,8,Dry at first  light rain in the final stages,Dry at first; light rain in the final stages,0,0,1,1,0
25,2008,9,9,Rain  later drying,Rain  later drying,0,0,0,1,0
26,2008,10,10,Cloudy  later sunny  ],Cloudy  later sunny 1],1,0,0,0,1
27,2008,11,11,Sunny  Air   –   °C (  –   °F)  Track   –   °C (   –    °F),Sunny; Air 30–31 °C (86–88 °F)  Track 40–43 °C (104–109 °F),1,0,0,0,0
28,2008,12,12,Sunny,Sunny,1,0,0,0,0
29,2008,13,13,Cloudy  rain in last   laps,Cloudy  rain in last 3 laps,0,0,0,1,1
30,2008,14,14,Heavy rain  dry towards the end,Heavy rain  dry towards the end,0,0,1,1,0
31,2008,15,15,Dry  Air Temp    °C  Wind Speed     m s  Humidity    %,Dry  Air Temp: 28°C  Wind Speed: 2 2m/s  Humidity: 79%,0,0,1,0,0
32,2008,16,16,Cloudy with temperatures reaching up to    °C (   °F)  ],Cloudy with temperatures reaching up to 17 °C (63 °F) 1],0,0,0,0,1
33,2008,17,17,Dry,Dry,0,0,1,0,0
34,2008,18,18,Rain at beginning and end  otherwise drying,Rain at beginning and end  otherwise drying,0,0,0,1,0
35,2007,1,1,Clear with temperatures reaching up to    °C (   °F)  ],Clear with temperatures reaching up to 21 °C (70 °F) 1],1,0,0,0,0
36,2007,2,2,Sunny  ],Sunny 1],1,0,0,0,0
37,2007,3,3,Sunny  dry  windy,Sunny  dry  windy,1,0,1,0,0
38,2007,4,4,Sunny and warm,Sunny and warm,1,0,0,0,0
39,2007,5,6,Cloudy Air Temp   -  oC Track Temp   -  oC,Cloudy Air Temp 24-27oC Track Temp 33-42oC,0,0,0,0,1
40,2007,6,7,Warm with temperatures approaching    °C (   °F)  wind speeds up to     kilometres per hour (    mph)  ],Warm with temperatures approaching 26 °C (79 °F); wind speeds up to 5 8 kilometres per hour (3 6 mph) 1],1,0,0,0,0
41,2007,7,19,Warm (  C   F) and clear,Warm (33C/91F) and clear,1,0,0,0,0
42,2007,8,8,Cloudy,Cloudy,0,0,0,0,1
43,2007,9,9,Dry and sunny,Dry and sunny,1,0,1,0,0
44,2007,10,20,Heavy Rain on Lap    Drying track at restart  Light Rain before the finish ,Heavy Rain on Lap 1  Drying track at restart  Light Rain before the finish ,0,0,0,1,0
45,2007,11,11,Sunny  temperatures reaching up to    °C (   °F)  ],Sunny  temperatures reaching up to 27 °C (81 °F) 1],1,0,0,0,0
46,2007,12,5,Sunny,Sunny,1,0,0,0,0
47,2007,13,14,Sunny,Sunny,1,0,0,0,0
48,2007,14,13,Partly cloudy  mild and dry,Partly cloudy  mild and dry,1,0,1,0,1
49,2007,15,16,Very heavy rain,Very heavy rain,0,0,0,1,0
50,2007,16,17,Light Rain at the start before drying out  Light rain in the middle of the race before drying ,Light Rain at the start before drying out  Light rain in the middle of the race before drying ,0,0,0,1,0
51,2007,17,18,   °C (Air)     °C (Track),37 °C (Air)  63 °C (Track),0,0,0,0,0
52,2006,1,3,Fine  Dry and HotAir Temp    °C (   °F)  ]Track Temp    °C (    °F)  ] dropping to    °C (   °F),Fine  Dry and HotAir Temp 23 °C (73 °F) 1]Track Temp 40 °C (104 °F) 1] dropping to 34 °C (93 °F),1,0,1,0,0
53,2006,2,2,Fine  Air Temp    °C  Wind Speed      m s  Humidity    %,Fine  Air Temp: 33°C  Wind Speed: 1 5 m/s  Humidity: 61%,1,0,0,0,0
54,2006,3,1,Cloudy      C (  F),Cloudy  14 5C (58F),0,0,0,0,1
55,2006,4,21,Sunny,Sunny,1,0,0,0,0
56,2006,5,20,not found,not found,0,0,0,0,0
57,2006,6,4,Sunny,Sunny,1,0,0,0,0
58,2006,7,6,Fine,Fine,1,0,0,0,0
59,2006,8,9,Sunny,Sunny,1,0,0,0,0
60,2006,9,7,Sunny and warm with temperatures reaching up to    °C (   °F)  wind speeds up to     kilometres per hour (    mph)  ],Sunny and warm with temperatures reaching up to 28 °C (82 °F); wind speeds up to 4 1 kilometres per hour (2 5 mph) 1],1,0,0,0,0
61,2006,10,19,Sunny  hot,Sunny  hot,1,0,0,0,0
62,2006,11,8,Sunny  warm,Sunny  warm,1,0,0,0,0
63,2006,12,10,Sunny  warm,Sunny  warm,1,0,0,0,0
64,2006,13,11,Cool and rainy with temperatures reaching up to    °C (   °F)  ],Cool and rainy with temperatures reaching up to 20 °C (68 °F) 1],0,1,0,1,0
65,2006,14,5,Sunny  hot,Sunny  hot,1,0,0,0,0
66,2006,15,14,Warm and sunny with temperatures reaching up to    °C (   °F)  ],Warm and sunny with temperatures reaching up to 27 °C (81 °F) 1],1,0,0,0,0
67,2006,16,17,Cloudy  wet track that progressively dried up Rainy during the last few laps ,Cloudy  wet track that progressively dried up Rainy during the last few laps ,0,0,0,1,1
68,2006,17,22,Fine,Fine,1,0,0,0,0
69,2006,18,18,Temperatures reaching up to    °C (   °F)  ],Temperatures reaching up to 23 °C (73 °F) 1],0,0,0,0,0
70,2005,1,1,Cool  partly cloudy,Cool  partly cloudy,0,1,0,0,1
71,2005,2,2,Fine,Fine,1,0,0,0,0
72,2005,3,3,Sunny  very hot    °C,Sunny  very hot  42°C,1,0,0,0,0
73,2005,4,21,Fine,Fine,1,0,0,0,0
74,2005,5,4,Sunny  warm,Sunny  warm,1,0,0,0,0
75,2005,6,6,Fine,Fine,1,0,0,0,0
76,2005,7,20,Partly cloudy  hot and dry,Partly cloudy  hot and dry,1,0,1,0,1
77,2005,8,7,Cloudy and hot with temperatures approaching      °C (     °F)  wind speeds up to     kilometres per hour (    mph)  ] Track   –   °C (   –    °F),Cloudy and hot with temperatures approaching 32 5 °C (90 5 °F); wind speeds up to 5 1 kilometres per hour (3 2 mph) 1] Track 43–47 °C (109–117 °F),1,0,0,0,1
78,2005,9,19,Cloudy  temperatures up to    °F (   °C)  wind speeds up to      miles per hour (     km h)  ],Cloudy  temperatures up to 77 °F (25 °C); wind speeds up to 11 1 miles per hour (17 9 km/h) 1],0,0,0,0,1
79,2005,10,8,Sunny  Air     °C (   °F)  Track    °C (    °F),Sunny  Air: 32 °C (90 °F)  Track 53 °C (127 °F),1,0,0,0,0
80,2005,11,9,Sunny  Air     °C (   °F)  Track    °C (    °F),Sunny  Air: 27 °C (81 °F)  Track 47 °C (117 °F),1,0,0,0,0
81,2005,12,10,Cloudy with drizzle  but staying dry during the race  Air temp    °C ,Cloudy with drizzle  but staying dry during the race  Air temp: 24°C ,0,0,1,0,1
82,2005,13,11,Sunny  Air     °C (   °F)  Track    °C (    °F),Sunny  Air: 34 °C (93 °F)  Track 45 °C (113 °F),1,0,0,0,0
83,2005,14,5,Sunny    °C Air    °C Track,Sunny; 30°C Air; 45°C Track,1,0,0,0,0
84,2005,15,14,Sunny,Sunny,1,0,0,0,0
85,2005,16,13,Wet and dry,Wet and dry,0,0,1,1,0
86,2005,17,18,Cloudy  dry  Air     °C (   °F)  Track    °C (   °F),Cloudy  dry  Air: 23 °C (73 °F)  Track 22 °C (72 °F),0,0,1,0,1
87,2005,18,22,Partially cloudy and dry with temperatures reaching up to    °C (   °F)  ],Partially cloudy and dry with temperatures reaching up to 25 °C (77 °F) 1],0,0,1,0,1
88,2005,19,17,Sunny,Sunny,1,0,0,0,0
89,2004,1,1,Dry & cloudyAir Temp    °C (   °F),Dry & cloudyAir Temp 20 °C (68 °F),0,0,1,0,0
90,2004,2,2,Dry  light rain at the startAir Temp    °C (   °F),Dry  light rain at the startAir Temp 34 °C (93 °F),0,0,1,1,0
91,2004,3,3,Warm  dry and overcast,Warm  dry and overcast,1,0,1,0,1
92,2004,4,21,Clear  air temp    °C,Clear  air temp: 22°C,1,0,0,0,0
93,2004,5,4,Clear,Clear,1,0,0,0,0
94,2004,6,6,Dry and sunny,Dry and sunny,1,0,1,0,0
95,2004,7,20,Cloudy at start  sunny later,Cloudy at start  sunny later,1,0,0,0,1
96,2004,8,7,Clear and mild with temperatures approaching    °C (   °F)  wind speeds up to     kilometres per hour (    mph)  ] Track    °C (   °F)  ],Clear and mild with temperatures approaching 25 °C (77 °F); wind speeds up to 5 8 kilometres per hour (3 6 mph) 1] Track 35 °C (95 °F) 2],1,0,0,0,0
97,2004,9,19,Fine with temperatures reaching up to    °C (   °F)  wind speeds approaching speeds of      kilometres per hour (     mph)  ],Fine with temperatures reaching up to 24 °C (75 °F); wind speeds approaching speeds of 17 9 kilometres per hour (11 1 mph) 1],1,0,0,0,0
98,2004,10,8,Sunny,Sunny,1,0,0,0,0
99,2004,11,9,Cloudy  Air     °C (   °F)  Track    °C (   °F),Cloudy  Air: 17 °C (63 °F)  Track 27 °C (81 °F),0,0,0,0,1
100,2004,12,10,Sunny,Sunny,1,0,0,0,0
101,2004,13,11,Warm  dry and sunny  Air     °C (   °F)  Track    °C (    °F),Warm  dry and sunny  Air: 26 °C (79 °F)  Track 42 °C (108 °F),1,0,1,0,0
102,2004,14,13,Dry with temperatures reaching up to    °C (   °F)  ],Dry with temperatures reaching up to 15 °C (59 °F) 1],0,0,1,0,0
103,2004,15,14,Wet track at the start  dry later on,Wet track at the start  dry later on,0,0,1,1,0
104,2004,16,17,Sunny with temperatures reaching up to    °C (   °F)  ],Sunny with temperatures reaching up to 27 °C (81 °F) 1],1,0,0,0,0
105,2004,17,22,Sunny,Sunny,1,0,0,0,0
106,2004,18,18,Dry Wet,Dry/Wet,0,0,1,1,0
107,2003,1,1,Damp at beginning  dry later  cloudy  mild,Damp at beginning  dry later  cloudy  mild,1,0,1,1,1
108,2003,2,2,Fine,Fine,1,0,0,0,0
109,2003,3,18,Rainy     °C (   °F),Rainy: 20 °C (68 °F),0,0,0,1,0
110,2003,4,21,Mostly cloudy with maximum ambient temperatures reaching    degrees during the day ,Mostly cloudy with maximum ambient temperatures reaching 13 degrees during the day ,0,0,0,0,1
111,2003,5,4,Clear,Clear,1,0,0,0,0
112,2003,6,23,Mostly cloudy with isolated showers in the area,Mostly cloudy with isolated showers in the area,0,0,0,1,1
113,2003,7,6,Fine,Fine,1,0,0,0,0
114,2003,8,7,Partly cloudy and mild with temperatures reaching a maximum of      °C (     °F)  wind speeds up to      kilometres per hour (    mph)  ],Partly cloudy and mild with temperatures reaching a maximum of 19 3 °C (66 7 °F); wind speeds up to 12 9 kilometres per hour (8 0 mph) 1],1,0,0,0,1
115,2003,9,20,Mostly cloudy with maximum ambient temperatures reaching    degrees celsius during the day ,Mostly cloudy with maximum ambient temperatures reaching 25 degrees celsius during the day ,0,0,0,0,1
116,2003,10,8,Cloudy  Air     °C (   °F)  Track    °C (   °F),Cloudy  Air: 26 °C (79 °F)  Track 35 °C (95 °F),0,0,0,0,1
117,2003,11,9,Sunny at start  cloudy later  Air     °C (   °F)  Track    °C (   °F),Sunny at start  cloudy later  Air: 24 °C (75 °F)  Track 29 °C (84 °F),1,0,0,0,1
118,2003,12,10,Fine,Fine,1,0,0,0,0
119,2003,13,11,Warm  dry and sunny     °C (   °F),Warm  dry and sunny  28 °C (82 °F),1,0,1,0,0
120,2003,14,14,Sunny,Sunny,1,0,0,0,0
121,2003,15,19,Scattered showers with temperatures up to      °F (     °C)  wind speeds up to    miles per hour (   km h)  ],Scattered showers with temperatures up to 69 1 °F (20 6 °C); wind speeds up to 14 miles per hour (23 km/h) 1],0,0,0,1,0
122,2003,16,22,Cloudy  Air     °C (   °F)  Track    °C (   °F),Cloudy  Air: 22 °C (72 °F)  Track 25 °C (77 °F),0,0,0,0,1
123,2002,1,1,Cloudy at start  clearing to sunny skies ,Cloudy at start  clearing to sunny skies ,1,0,0,0,1
124,2002,2,2,Partially cloudy  hot and dry,Partially cloudy  hot and dry,1,0,1,0,1
125,2002,3,18,Clear  Air Temp    °C,Clear  Air Temp: 30°C,1,0,0,0,0
126,2002,4,21,Scattered thunderstorms  but remaining dry  Air Temp    °C,Scattered thunderstorms  but remaining dry  Air Temp: 18°C,0,0,1,1,0
127,2002,5,4,Clear  Air Temp    °C,Clear  Air Temp: 20°C,1,0,0,0,0
128,2002,6,23,Clear  Air Temp    °C,Clear  Air Temp: 20°C,1,0,0,0,0
129,2002,7,6,Fine  Air Temp    °C,Fine  Air Temp: 22°C,1,0,0,0,0
130,2002,8,7,Mostly fine and humid with temperatures reaching a maximum of      °C (     °F)  wind speeds up to   kilometres per hour (    mph)  ],Mostly fine and humid with temperatures reaching a maximum of 24 1 °C (75 4 °F); wind speeds up to 8 kilometres per hour (5 0 mph) 1],1,0,0,0,0
131,2002,9,20,Mainly Fine  Air Temp    °C,Mainly Fine  Air Temp: 18°C,1,0,0,0,0
132,2002,10,9,Dry Wet  Air Temp    °C,Dry/Wet  Air Temp: 21°C,0,0,1,1,0
133,2002,11,8,Warm and sunny  Air Temp    °C,Warm and sunny  Air Temp: 25°C,1,0,0,0,0
134,2002,12,10,Fine  Air Temp    °C,Fine  Air Temp: 28°C,1,0,0,0,0
135,2002,13,11,Partially cloudy  hot and sunny  Air Temp     °C (   °F)  ],Partially cloudy  hot and sunny  Air Temp: 28 °C (82 °F) 1],1,0,0,0,1
136,2002,14,13,Cloudy  Air     °C (   °F)  Track    °C (   °F)  ],Cloudy  Air: 17 °C (63 °F)  Track 25 °C (77 °F) 1],0,0,0,0,1
137,2002,15,14,Sunny  hot  dry   °C,Sunny  hot  dry 23°C,1,0,1,0,0
138,2002,16,19,Sunny with temperatures reaching up to      °F (     °C)  wind speeds approaching a maximum of      miles per hour (     km h)  ] Track    °F (   °C),Sunny with temperatures reaching up to 80 1 °F (26 7 °C); wind speeds approaching a maximum of 10 1 miles per hour (16 3 km/h) 1] Track 93 °F (34 °C),1,0,0,0,0
139,2002,17,22,Sunny  Air     °C (   °F)  Track    °C (   °F),Sunny  Air: 26 °C (79 °F)  Track 30 °C (86 °F),1,0,0,0,0
140,2001,1,1,Cloudy  sunny later,Cloudy  sunny later,1,0,0,0,1
141,2001,2,2,Rain and Thunderstorms at start  dry later  Air Temp at start     °C (   °F),Rain and Thunderstorms at start  dry later; Air Temp at start: 32 °C (90 °F),0,0,1,1,0
142,2001,3,18,Dry first  rain and thunderstorms later  Air temp    –   °C (  –   °F)  ] Track   –   °C (  –    °F),Dry first  rain and thunderstorms later; Air temp: 25–30 °C (77–86 °F) 1] Track 27–40 °C (81–104 °F),0,0,1,1,0
143,2001,4,21,Sunny  Air Temp     °C (   °F)  Track    °C (   °F),Sunny  Air Temp: 14 °C (57 °F)  Track 26 °C (79 °F),1,0,0,0,0
144,2001,5,4,Overcast  Mild  Dry  Air Temp    °C,Overcast  Mild  Dry  Air Temp: 18°C,1,0,1,0,1
145,2001,6,23,Sunny  Air     to    °C (   to    °F)  Track    to    °C (   to    °F),Sunny  Air: 18 to 19 °C (64 to 66 °F)  Track 18 to 32 °C (64 to 90 °F),1,0,0,0,0
146,2001,7,6,Warm and Sunny  Air Temp     °C (   °F)  Track    to    °C (   to     °F),Warm and Sunny  Air Temp: 23 °C (73 °F)  Track 36 to 39 °C (97 to 102 °F),1,0,0,0,0
147,2001,8,7,Sunny,Sunny,1,0,0,0,0
148,2001,9,20,Sunny  mild  dry  Air Temp    °C,Sunny  mild  dry  Air Temp: 21°C,1,0,1,0,0
149,2001,10,8,Sunny,Sunny,1,0,0,0,0
150,2001,11,9,Partially cloudy  mild  dry  Air Temp     °C (   °F)  Track    °C (   °F),Partially cloudy  mild  dry  Air Temp: 16 °C (61 °F)  Track 27 °C (81 °F),1,0,1,0,1
151,2001,12,10,Partially cloudy  very hot  dry  Air     °C (   °F)  Track     °C (   °F),Partially cloudy  very hot  dry  Air: 28 °C (82 °F)  Track: 32 °C (90 °F),1,0,1,0,1
152,2001,13,11,Hot  dry and partially cloudy,Hot  dry and partially cloudy,1,0,1,0,1
153,2001,14,13,Overcast  mild  dry  Air Temp     to    °C (   to    °F),Overcast  mild  dry  Air Temp: 12 to 16 °C (54 to 61 °F),1,0,1,0,1
154,2001,15,14,Sunny  partly cloudy  Air     to    °C (   to    °F)  Track    °C (   °F),Sunny  partly cloudy  Air: 19 to 20 °C (66 to 68 °F)  Track 26 °C (79 °F),1,0,0,0,1
155,2001,16,19,Sunny  cool  Air    –   °C (  –   °F)  Track    °C (   °F),Sunny  cool  Air: 19–21 °C (66–70 °F)  Track 27 °C (81 °F),1,1,0,0,0
156,2001,17,22,Cloudy  Mild  Dry  Air Temp    °C,Cloudy  Mild  Dry  Air Temp: 24°C,1,0,1,0,1
157,2000,1,1,Sunny   ] Air Temp     °C,Sunny  2] Air Temp: 20 °C,1,0,0,0,0
158,2000,2,18,Sunny  Air     °C (   °F)  Track     °C (   °F),Sunny  Air: 22 °C (72 °F)  Track: 35 °C (95 °F),1,0,0,0,0
159,2000,3,21,Overcast  Mild  Dry     °C,Overcast  Mild  Dry  16 °C,1,0,1,0,1
160,2000,4,9,Sunny  mild  dry  Air Temp     °C (   °F),Sunny  mild  dry  Air Temp: 10 °C (50 °F),1,0,1,0,0
161,2000,5,4,Sunny  Mild  Dry,Sunny  Mild  Dry,1,0,1,0,0
162,2000,6,20,Dry at first  rain later on  Air     °C (   °F)  Track     °C (   °F),Dry at first  rain later on  Air: 11 °C (52 °F)  Track: 12 °C (54 °F),0,0,1,1,0
163,2000,7,6,Sunny,Sunny,1,0,0,0,0
164,2000,8,7,Cloudy and raining  Air    °C (   °F)  Track    °C (   °F),Cloudy and raining; Air 17 °C (63 °F)  Track 21 °C (70 °F),0,0,0,0,1
165,2000,9,8,Sunny  dry  Air Temp    °C,Sunny  dry  Air Temp: 27°C,1,0,1,0,0
166,2000,10,23,Partially cloudy  dry  Air     to    °C (   to    °F)  Track    to    °C (   to    °F),Partially cloudy  dry  Air: 17 to 18 °C (63 to 64 °F)  Track 18 to 19 °C (64 to 66 °F),0,0,1,0,1
167,2000,11,10,Dry Wet  Air     °C (   °F)  Track     to    °C (   to    °F),Dry/Wet  Air: 21 °C (70 °F)  Track: 21 to 25 °C (70 to 77 °F),0,0,1,1,0
168,2000,12,11,Partially cloudy  very hot  dry  Air     °C (   °F)  Track    to    °C (   to     °F),Partially cloudy  very hot  dry  Air; 32 °C (90 °F)  Track 34 to 44 °C (93 to 111 °F),1,0,1,0,1
169,2000,13,13,Wet at start  drying  Air & track temperature     °C (   °F),Wet at start  drying  Air & track temperature; 15 °C (59 °F),0,0,0,1,0
170,2000,14,14,Sunny with temperatures reaching up to    °C (   °F)  ],Sunny with temperatures reaching up to 29 °C (84 °F) 1],1,0,0,0,0
171,2000,15,19,Cloudy  drying  Air    °C (   °F)  Track    °C (   °F),Cloudy  drying  Air 12 °C (54 °F)  Track 14 °C (57 °F),0,0,0,0,1
172,2000,16,22,Dry wet,Dry/wet,0,0,1,1,0
173,2000,17,2,Overcast  Very hot  Dry,Overcast  Very hot  Dry,1,0,1,0,1
174,1999,1,1,Sunny and dry with temperatures reaching up to    °C (   °F)  ],Sunny and dry with temperatures reaching up to 19 °C (66 °F) 1],1,0,1,0,0
175,1999,2,18,Sunny  hot  dry    °C (   °F)  ],Sunny  hot  dry 25 °C (77 °F) 1],1,0,1,0,0
176,1999,3,21,Sunny  mild  dry     °C,Sunny  mild  dry  23 °C,1,0,1,0,0
177,1999,4,6,Sunny  hot  dry,Sunny  hot  dry,1,0,1,0,0
178,1999,5,4,Cloudy  hot  dry    °C (   °F)  ],Cloudy  hot  dry 22 °C (72 °F) 1],1,0,1,0,1
179,1999,6,7,Hot with temperatures approaching    °C (   °F)  wind speeds up to     kilometres per hour (    mph)  ] Track   –   °C (   –    °F),Hot with temperatures approaching 31 °C (88 °F); wind speeds up to 5 1 kilometres per hour (3 2 mph) 1] Track 41–43 °C (106–109 °F),1,0,0,0,0
180,1999,7,8,Overcast  mild  dry at first  rain later on,Overcast  mild  dry at first  rain later on,1,0,1,1,1
181,1999,8,9,Sunny  mild  dry,Sunny  mild  dry,1,0,1,0,0
182,1999,9,23,Overcast  mild  dry,Overcast  mild  dry,1,0,1,0,1
183,1999,10,10,Partially cloudy  very hot  dry,Partially cloudy  very hot  dry,1,0,1,0,1
184,1999,11,11,Partially cloudy  hot  dry  Air     °C (   °F)  Track    °C (   °F),Partially cloudy  hot  dry  Air: 25 °C (77 °F)  Track 37 °C (99 °F),1,0,1,0,1
185,1999,12,13,Partially cloudy  mild  dry,Partially cloudy  mild  dry,1,0,1,0,1
186,1999,13,14,Hot and dry with temperatures reaching up to    °C (   °F)  ],Hot and dry with temperatures reaching up to 30 °C (86 °F) 1],1,0,1,0,0
187,1999,14,20,Wet Dry,Wet/Dry,0,0,1,1,0
188,1999,15,2,Cloudy  hot  dry,Cloudy  hot  dry,1,0,1,0,1
189,1999,16,22,Overcast  mild  dry,Overcast  mild  dry,1,0,1,0,1
190,1998,1,1,Clear with maximum temperatures reaching    degrees at the start  increasing to    degrees by the end of the race ,Clear with maximum temperatures reaching 24 degrees at the start  increasing to 30 degrees by the end of the race ,1,0,0,0,0
191,1998,2,18,Mostly cloudy     °C (   °F),Mostly cloudy  31 °C (88 °F),0,0,0,0,1
192,1998,3,25,Cloudy with variable levels of dryness  temperatures reaching up to    °C (   °F)  ],Cloudy with variable levels of dryness; temperatures reaching up to 19 °C (66 °F) 2],0,0,0,0,1
193,1998,4,21,Sunny     °C,Sunny  25 °C,1,0,0,0,0
194,1998,5,4,Sunny and warm,Sunny and warm,1,0,0,0,0
195,1998,6,6,Hot and sunny with temperatures reaching up to    °C (   °F)  ],Hot and sunny with temperatures reaching up to 22 °C (72 °F) 1],1,0,0,0,0
196,1998,7,7,Cool and overcast with air temperatures reaching up to    °C (   °F)  wind speeds up to     kilometres per hour (    mph) reported  ],Cool and overcast with air temperatures reaching up to 16 °C (61 °F); wind speeds up to 2 9 kilometres per hour (1 8 mph) reported 1],0,1,0,0,1
197,1998,8,8,Sunny  warm,Sunny  warm,1,0,0,0,0
198,1998,9,9,Rain  Wet Track,Rain  Wet Track,0,0,0,1,0
199,1998,10,23,Sunny,Sunny,1,0,0,0,0
200,1998,11,10,Cloudy but dry,Cloudy but dry,0,0,1,0,1
201,1998,12,11,Cloudy  hot  dry    °C,Cloudy  hot  dry  30°C,1,0,1,0,1
202,1998,13,13,Cold and wet with rain becoming heavier,Cold and wet with rain becoming heavier,0,1,0,1,0
203,1998,14,14,Sunny,Sunny,1,0,0,0,0
204,1998,15,20,Cloudy  cold  dry,Cloudy  cold  dry,0,1,1,0,1
205,1998,16,22,Fine,Fine,1,0,0,0,0
206,1997,1,1,Partly Cloudy  Dry,Partly Cloudy  Dry,0,0,1,0,1
207,1997,2,18,Overcast and dry with temperatures reaching up to    °C (   °F)  ],Overcast and dry with temperatures reaching up to 23 °C (73 °F) 1],0,0,1,0,1
208,1997,3,25,Partially cloudy and dry  with temperatures reaching up to    °C (   °F)  ],Partially cloudy and dry  with temperatures reaching up to 21 °C (70 °F) 1],0,0,1,0,1
209,1997,4,21,Cloudy  Dry     °C,Cloudy  Dry  17 °C,0,0,1,0,1
210,1997,5,6,Overcast  cold and rain  air temperature   C or   F,Overcast  cold and rain  air temperature 11C or 51F,0,1,0,1,1
211,1997,6,4,Clear,Clear,1,0,0,0,0
212,1997,7,7,Clear and mild with temperatures approaching      °C (     °F)  wind speeds up to     kilometres per hour (    mph)  ],Clear and mild with temperatures approaching 22 7 °C (72 9 °F); wind speeds up to 4 1 kilometres per hour (2 5 mph) 1],1,0,0,0,0
213,1997,8,8,Dry at first  rain in closing stages,Dry at first  rain in closing stages,0,0,1,1,0
214,1997,9,9,Sunny  Dry Track,Sunny  Dry Track,1,0,1,0,0
215,1997,10,10,Sunny  dry track,Sunny  dry track,1,0,1,0,0
216,1997,11,11,Sunny  Dry Track    °C,Sunny  Dry Track  27°C,1,0,1,0,0
217,1997,12,13,Wet  then drying out with temperatures reaching up to    °C (   °F)  ],Wet  then drying out with temperatures reaching up to 28 °C (82 °F) 1],0,0,0,1,0
218,1997,13,14,Dry with temperatures reaching up to    °C (   °F)  ],Dry with temperatures reaching up to 29 °C (84 °F) 1],0,0,1,0,0
219,1997,14,23,Sunny,Sunny,1,0,0,0,0
220,1997,15,20,Partially cloudy  mild and dry,Partially cloudy  mild and dry,1,0,1,0,1
221,1997,16,22,Sunny  ],Sunny 1],1,0,0,0,0
222,1997,17,26,Sunny with temperatures reaching up to    °C (   °F)  ],Sunny with temperatures reaching up to 25 °C (77 °F) 1],1,0,0,0,0
223,1996,1,1,Dry with temperatures reaching up to    °C (   °F)  ],Dry with temperatures reaching up to 23 °C (73 °F) 1],0,0,1,0,0
224,1996,2,18,Wet  then drying with temperatures reaching up to    °C (   °F)  ],Wet  then drying with temperatures reaching up to 24 °C (75 °F) 1],0,0,0,1,0
225,1996,3,25,Dry with temperatures reaching up to    °C (   °F)  ],Dry with temperatures reaching up to 21 °C (70 °F) 1],0,0,1,0,0
226,1996,4,20,Cloudy  but dry,Cloudy  but dry,0,0,1,0,1
227,1996,5,21,Sunny,Sunny,1,0,0,0,0
228,1996,6,6,Overcast  mild  wet at first  drying later  light rain at finish,Overcast  mild  wet at first  drying later  light rain at finish,1,0,0,1,1
229,1996,7,4,Rain,Rain,0,0,0,1,0
230,1996,8,7,Mostly sunny and warm with temperatures approaching    °C (   °F)  ],Mostly sunny and warm with temperatures approaching 26 °C (79 °F) 1],1,0,0,0,0
231,1996,9,8,Dry,Dry,0,0,1,0,0
232,1996,10,9,Warm and sunny with temperatures reaching up to    °C (   °F)  ],Warm and sunny with temperatures reaching up to 25 °C (77 °F) 1],1,0,0,0,0
233,1996,11,10,Sunny  dry,Sunny  dry,1,0,1,0,0
234,1996,12,11,Sunny with temperatures reaching up to    °C (   °F)  ],Sunny with temperatures reaching up to 27 °C (81 °F) 1],1,0,0,0,0
235,1996,13,13,Overcast and dry with temperatures reaching up to    °C (   °F)  ],Overcast and dry with temperatures reaching up to 17 °C (63 °F) 1],0,0,1,0,1
236,1996,14,14,Dry,Dry,0,0,1,0,0
237,1996,15,27,Mostly sunny with ambient temperatures reaching    °C during the day ,Mostly sunny with ambient temperatures reaching 25 °C during the day ,1,0,0,0,0
238,1996,16,22,Sunny  mild and dry,Sunny  mild and dry,1,0,1,0,0
239,1995,1,18,Overcast,Overcast,0,0,0,0,1
240,1995,2,25,Cloudy,Cloudy,0,0,0,0,1
241,1995,3,21,Heavy rain before the start  before brightening up,Heavy rain before the start  before brightening up,0,0,0,1,0
242,1995,4,4,Sunny,Sunny,1,0,0,0,0
243,1995,5,6,Warm  sunny,Warm  sunny,1,0,0,0,0
244,1995,6,7,Cloudy at start  sunny later with temperatures reaching up to      °C (     °F)  wind speeds up to   kilometres per hour (    mph)  ],Cloudy at start  sunny later with temperatures reaching up to 24 3 °C (75 7 °F); wind speeds up to 8 kilometres per hour (5 0 mph) 1],1,0,0,0,1
245,1995,7,8,Cloudy  light drizzle at times,Cloudy  light drizzle at times,0,0,0,0,1
246,1995,8,9,Warm  cloudy  windy,Warm  cloudy  windy,1,0,0,0,1
247,1995,9,10,Sunny    °C,Sunny  28°C,1,0,0,0,0
248,1995,10,11,Sunny,Sunny,1,0,0,0,0
249,1995,11,13,Cloudy  then heavy rain,Cloudy  then heavy rain,0,0,0,1,1
250,1995,12,14,Sunny,Sunny,1,0,0,0,0
251,1995,13,27,Sunny,Sunny,1,0,0,0,0
252,1995,14,20,Rain  later dried out  air temperature   C (  F),Rain  later dried out  air temperature 11C (51F),0,0,0,1,0
253,1995,15,28,Cloudy  dry,Cloudy  dry,0,0,1,0,1
254,1995,16,22,Rain  later dried out,Rain  later dried out,0,0,0,1,0
255,1995,17,29,Sunny  ],Sunny 2],1,0,0,0,0
256,1994,1,18,Sunny,Sunny,1,0,0,0,0
257,1994,2,28,Sunny,Sunny,1,0,0,0,0
258,1994,3,21,Sunny,Sunny,1,0,0,0,0
259,1994,4,6,Sunny,Sunny,1,0,0,0,0
260,1994,5,4,Sunny,Sunny,1,0,0,0,0
261,1994,6,7,Warm with temperatures approaching      °C (     °F)  wind speeds up to    kilometres per hour (   mph)  ],Warm with temperatures approaching 26 3 °C (79 3 °F); wind speeds up to 21 kilometres per hour (13 mph) 1],1,0,0,0,0
262,1994,7,8,Sunny,Sunny,1,0,0,0,0
263,1994,8,9,Sunny,Sunny,1,0,0,0,0
264,1994,9,10,Sunny,Sunny,1,0,0,0,0
265,1994,10,11,Sunny,Sunny,1,0,0,0,0
266,1994,11,13,Sunny,Sunny,1,0,0,0,0
267,1994,12,14,Sunny,Sunny,1,0,0,0,0
268,1994,13,27,Sunny,Sunny,1,0,0,0,0
269,1994,14,26,Sunny,Sunny,1,0,0,0,0
270,1994,15,22,Heavy rain  followed by light showers,Heavy rain  followed by light showers,0,0,0,1,0
271,1994,16,29,Sunny,Sunny,1,0,0,0,0
272,1993,1,30,Very hot and humid  with torrential thunderstorms  Air temp     °C (   °F),Very hot and humid  with torrential thunderstorms  Air temp: 33 °C (91 °F),1,0,0,1,0
273,1993,2,18,Dry first then torrential rain  later drying and staying dry for the rest of the race,Dry first then torrential rain; later drying and staying dry for the rest of the race,0,0,1,1,0
274,1993,3,31,Very cold  rain with dry spells,Very cold  rain with dry spells,0,1,1,1,0
275,1993,4,21,Wet at start  dry later,Wet at start  dry later,0,0,1,1,0
276,1993,5,4,Sunny,Sunny,1,0,0,0,0
277,1993,6,6,Partly cloudy  mild  dry,Partly cloudy  mild  dry,1,0,1,0,1
278,1993,7,7,Temperatures reaching up to    °C (   °F)  wind speeds up to      kilometres per hour (     mph)  ],Temperatures reaching up to 29 °C (84 °F); wind speeds up to 18 3 kilometres per hour (11 4 mph) 1],0,0,0,0,0
279,1993,8,8,not found,not found,0,0,0,0,0
280,1993,9,9,Dry,Dry,0,0,1,0,0
281,1993,10,10,Dry,Dry,0,0,1,0,0
282,1993,11,11,not found,not found,0,0,0,0,0
283,1993,12,13,Sunny and clear,Sunny and clear,1,0,0,0,0
284,1993,13,14,Hot and sunny,Hot and sunny,1,0,0,0,0
285,1993,14,27,Dry  sunny  windy,Dry  sunny  windy,1,0,1,0,0
286,1993,15,22,Dry wet  warm  cloudy,Dry/wet  warm  cloudy,1,0,1,1,1
287,1993,16,29,Sunny,Sunny,1,0,0,0,0
288,1992,1,30,Hot  dry and dull,Hot  dry and dull,1,0,1,0,0
289,1992,2,32,Scattered Clouds   °C (   °F)  ],Scattered Clouds27 °C (81 °F) 1],0,0,0,0,1
290,1992,3,18,Dry,Dry,0,0,1,0,0
291,1992,4,4,Dry at start  wet later,Dry at start  wet later,0,0,1,1,0
292,1992,5,21,Sunny,Sunny,1,0,0,0,0
293,1992,6,6,Dry,Dry,0,0,1,0,0
294,1992,7,7,Dry with temperatures reaching up to    °C (   °F)  wind speeds up to    kilometres per hour (    mph)  ],Dry with temperatures reaching up to 25 °C (77 °F); wind speeds up to 14 kilometres per hour (8 7 mph) 1],0,0,1,0,0
295,1992,8,8,Dry  then raining,Dry  then raining,0,0,1,0,0
296,1992,9,9,Dry,Dry,0,0,1,0,0
297,1992,10,10,Dry,Dry,0,0,1,0,0
298,1992,11,11,Dry,Dry,0,0,1,0,0
299,1992,12,13,Overcast  brief rain mid-race,Overcast  brief rain mid-race,0,0,0,1,1
300,1992,13,14,Sunny and warm,Sunny and warm,1,0,0,0,0
301,1992,14,27,Dry  sunny  windy,Dry  sunny  windy,1,0,1,0,0
302,1992,15,22,Dry  warm  cloudy,Dry  warm  cloudy,1,0,1,0,1
303,1992,16,29,Cloudy,Cloudy,0,0,0,0,1
304,1991,1,33,Overcast   °C (   °F)  ],Overcast25 °C (77 °F) 1],0,0,0,0,1
305,1991,2,18,Cloudy at start  rainy later  Ambient temperature      °C (  °F) Humidity    % Wind speed       km h (   mph) ,Cloudy at start  rainy later  Ambient temperature: 29 4°C (85°F) Humidity: 95% Wind speed: 33 7 km/h (21 mph) ,0,0,0,1,1
306,1991,3,21,Wet at start  dry by finish,Wet at start  dry by finish,0,0,1,1,0
307,1991,4,6,Cloudy  mild  dry,Cloudy  mild  dry,1,0,1,0,1
308,1991,5,7,Mild with temperatures approaching    °C (   °F)  wind speeds up to    kilometres per hour (    mph)  ],Mild with temperatures approaching 25 °C (77 °F); wind speeds up to 12 kilometres per hour (7 5 mph) 1],1,0,0,0,0
309,1991,6,32,Mostly Cloudy   °C (   °F)  ],Mostly Cloudy24 °C (75 °F) 1],0,0,0,0,1
310,1991,7,8,not found,not found,0,0,0,0,0
311,1991,8,9,Hot  dry  sunny,Hot  dry  sunny,1,0,1,0,0
312,1991,9,10,Hot and sunny,Hot and sunny,1,0,0,0,0
313,1991,10,11,Hot dry  sunny,Hot dry  sunny,1,0,1,0,0
314,1991,11,13,not found,not found,0,0,0,0,0
315,1991,12,14,Sunny and warm,Sunny and warm,1,0,0,0,0
316,1991,13,27,Sunny and warm,Sunny and warm,1,0,0,0,0
317,1991,14,4,Warm and overcast  drying,Warm and overcast  drying,1,0,0,0,1
318,1991,15,22,Sunny  warm,Sunny  warm,1,0,0,0,0
319,1991,16,29,Torrential rain,Torrential rain,0,0,0,1,0
320,1990,1,33,Cloudy and cool with temperatures reaching up to    °C (   °F)  ],Cloudy and cool with temperatures reaching up to 18 °C (64 °F) 1],0,1,0,0,1
321,1990,2,18,Hot  dry  sunny,Hot  dry  sunny,1,0,1,0,0
322,1990,3,21,Warm  dry  sunny,Warm  dry  sunny,1,0,1,0,0
323,1990,4,6,Warm  dry  sunny,Warm  dry  sunny,1,0,1,0,0
324,1990,5,7,Warm and cloudy with temperatures approaching      °C (     °F)  wind speeds up to      kilometres per hour (     mph)  ],Warm and cloudy with temperatures approaching 19 8 °C (67 6 °F); wind speeds up to 27 8 kilometres per hour (17 3 mph) 1],1,0,0,0,1
325,1990,6,32,Overcast   °C (   °F)  ],Overcast21 °C (70 °F) 1],0,0,0,0,1
326,1990,7,34,Hot  dry  sunny,Hot  dry  sunny,1,0,1,0,0
327,1990,8,9,Hot  dry  sunny,Hot  dry  sunny,1,0,1,0,0
328,1990,9,10,Hot  dry  sunny,Hot  dry  sunny,1,0,1,0,0
329,1990,10,11,Dry,Dry,0,0,1,0,0
330,1990,11,13,Dry,Dry,0,0,1,0,0
331,1990,12,14,Hot  dry  sunny,Hot  dry  sunny,1,0,1,0,0
332,1990,13,27,not found,not found,0,0,0,0,0
333,1990,14,26,Dry  hot  sunny,Dry  hot  sunny,1,0,1,0,0
334,1990,15,22,Sunny,Sunny,1,0,0,0,0
335,1990,16,29,Sunny,Sunny,1,0,0,0,0
336,2010,1,3,Sunny,Sunny,1,0,0,0,0
337,2010,2,1,Overcast with light rain at start,Overcast with light rain at start,0,0,0,1,1
338,2010,3,2,Mainly cloudy  dry,Mainly cloudy  dry,0,0,1,0,1
339,2010,4,17,Cloudy  rain,Cloudy  rain,0,0,0,1,1
340,2010,5,4,Mainly cloudy  dry,Mainly cloudy  dry,0,0,1,0,1
341,2010,6,6,Mainly cloudy  dry,Mainly cloudy  dry,0,0,1,0,1
342,2010,7,5,Air     to    °C (   to    °F) Track     to    °C (    to     °F),Air: 28 to 29 °C (82 to 84 °F) Track: 39 to 49 °C (102 to 120 °F),0,0,0,0,0
343,2010,8,7,Warm with temperatures approaching    °C (   °F)  wind speeds up to     kilometres per hour (    mph)  ],Warm with temperatures approaching 26 °C (79 °F); wind speeds up to 4 9 kilometres per hour (3 0 mph) 1],1,0,0,0,0
344,2010,9,12,Dry,Dry,0,0,1,0,0
345,2010,10,9,Mainly sunny,Mainly sunny,1,0,0,0,0
346,2010,11,10,Mainly cloudy  dry,Mainly cloudy  dry,0,0,1,0,1
347,2010,12,11,Mainly sunny   °C (   °F)  ],Mainly sunny28 °C (82 °F) 1],1,0,0,0,0
348,2010,13,13,Intermittent rain,Intermittent rain,0,0,0,1,0
349,2010,14,14,Sunny,Sunny,1,0,0,0,0
350,2010,15,15,Clear  Air temp    to    °C (   to    °F)  Track temp    °C (   °F)  ]  ],Clear; Air temp 29 to 30 °C (84 to 86 °F)  Track temp 31 °C (88 °F) 2] 3],1,0,0,0,0
351,2010,16,22,Heavy Rain (practice)  Sunny (race),Heavy Rain (practice)  Sunny (race),1,0,0,1,0
352,2010,17,35,Rain  Air    °C (   °F)  Track    °C (   °F),Rain; Air 20 °C (68 °F)  Track 18 °C (64 °F),0,0,0,1,0
353,2010,18,18,Clear     °C (   °F),Clear; 25 °C (77 °F),1,0,0,0,0
354,2010,19,24,Dry  ] Air Temp    °C (   °F)  ] Track Temp    °C (   °F) dropping to    °C (   °F)  ],Dry 1] Air Temp 28 °C (82 °F) 1] Track Temp 33 °C (91 °F) dropping to 29 °C (84 °F) 1],0,0,1,0,0
355,1989,1,36,Very hot  dry  sunny,Very hot  dry  sunny,1,0,1,0,0
356,1989,2,21,Warm  dry  sunny,Warm  dry  sunny,1,0,1,0,0
357,1989,3,6,Warm  dry  sunny,Warm  dry  sunny,1,0,1,0,0
358,1989,4,32,Hot  dry  partly sunny   °C   °F    % Humidity  wind NW-  mph,Hot  dry  partly sunny 25°C/79°F  40% Humidity  wind NW-10mph,1,0,1,0,0
359,1989,5,33,Hot  sunny    C (  F)   ],Hot  sunny  36C (97F)  1],1,0,0,0,0
360,1989,6,7,Cool and rainy with temperatures approaching    °C (   °F)  wind speeds up to      kilometres per hour (     mph)  ],Cool and rainy with temperatures approaching 24 °C (75 °F); wind speeds up to 17 9 kilometres per hour (11 1 mph) 1],0,1,0,1,0
361,1989,7,34,Hot  dry  sunny,Hot  dry  sunny,1,0,1,0,0
362,1989,8,9,Warm  dry  sunny,Warm  dry  sunny,1,0,1,0,0
363,1989,9,10,Warm  cloudy,Warm  cloudy,1,0,0,0,1
364,1989,10,11,Cloudy,Cloudy,0,0,0,0,1
365,1989,11,13,Wet  cloudy  cool,Wet  cloudy  cool,0,1,0,1,1
366,1989,12,14,Hot  dry  sunny,Hot  dry  sunny,1,0,1,0,0
367,1989,13,27,Hot  dry  sunny,Hot  dry  sunny,1,0,1,0,0
368,1989,14,26,Dry  hot  sunny,Dry  hot  sunny,1,0,1,0,0
369,1989,15,22,Dry  warm  cloudy,Dry  warm  cloudy,1,0,1,0,1
370,1989,16,29,Wet  cool,Wet  cool,0,1,0,1,0
371,1988,1,36,Cloudy and hot,Cloudy and hot,1,0,0,0,1
372,1988,2,21,Sunny  warm,Sunny  warm,1,0,0,0,0
373,1988,3,6,Warm and dry,Warm and dry,1,0,1,0,0
374,1988,4,32,Sunny and hot,Sunny and hot,1,0,0,0,0
375,1988,5,7,Sunny and hot with temperatures up to    °C (   °F)  wind speeds up to    kilometres per hour (   mph)  ],Sunny and hot with temperatures up to 29 °C (84 °F); wind speeds up to 19 kilometres per hour (12 mph) 1],1,0,0,0,0
376,1988,6,37,Warm and sunny with temperatures up to      °F (     °C)  wind speeds up to      miles per hour (     km h)  ],Warm and sunny with temperatures up to 91 9 °F (33 3 °C); wind speeds up to 11 1 miles per hour (17 9 km/h) 1],1,0,0,0,0
377,1988,7,34,Sunny and hot,Sunny and hot,1,0,0,0,0
378,1988,8,9,Wet and cool,Wet and cool,0,1,0,1,0
379,1988,9,10,Wet and cool,Wet and cool,0,1,0,1,0
380,1988,10,11,Sunny and hot,Sunny and hot,1,0,0,0,0
381,1988,11,13,Warm  dry and overcast,Warm  dry and overcast,1,0,1,0,1
382,1988,12,14,Sunny and hot,Sunny and hot,1,0,0,0,0
383,1988,13,27,Sunny and hot,Sunny and hot,1,0,0,0,0
384,1988,14,26,Sunny and hot,Sunny and hot,1,0,0,0,0
385,1988,15,22,Cool and mainly dry  some rain toward the end,Cool and mainly dry  some rain toward the end,0,1,1,1,0
386,1988,16,29,Cloudy and hot,Cloudy and hot,1,0,0,0,1
387,1987,1,36,Sunny,Sunny,1,0,0,0,0
388,1987,2,21,Sunny  warm,Sunny  warm,1,0,0,0,0
389,1987,3,13,Cloudy and cool,Cloudy and cool,0,1,0,0,1
390,1987,4,6,Sunny and warm,Sunny and warm,1,0,0,0,0
391,1987,5,37,Clear with rain showers later on  temperatures reaching up to      °F (     °C)  wind speeds up to      miles per hour (     km h)  ],Clear with rain showers later on; temperatures reaching up to 78 1 °F (25 6 °C); wind speeds up to 19 6 miles per hour (31 5 km/h) 1],1,0,0,1,0
392,1987,6,34,Sunny and hot,Sunny and hot,1,0,0,0,0
393,1987,7,9,Sunny and warm,Sunny and warm,1,0,0,0,0
394,1987,8,10,not found,not found,0,0,0,0,0
395,1987,9,11,Dry,Dry,0,0,1,0,0
396,1987,10,23,Dry,Dry,0,0,1,0,0
397,1987,11,14,Dry,Dry,0,0,1,0,0
398,1987,12,27,Dry,Dry,0,0,1,0,0
399,1987,13,26,Sunny and hot,Sunny and hot,1,0,0,0,0
400,1987,14,32,Sunny and hot,Sunny and hot,1,0,0,0,0
401,1987,15,22,Dry,Dry,0,0,1,0,0
402,1987,16,29,Sunny,Sunny,1,0,0,0,0
403,1986,1,36,Hot  dry and sunny,Hot  dry and sunny,1,0,1,0,0
404,1986,2,26,Warm  dry and sunny,Warm  dry and sunny,1,0,1,0,0
405,1986,3,21,Overcast  warm,Overcast  warm,1,0,0,0,1
406,1986,4,6,Sunny  mild  dry,Sunny  mild  dry,1,0,1,0,0
407,1986,5,13,Dry,Dry,0,0,1,0,0
408,1986,6,7,Dry with temperatures approaching    °C (   °F)  wind speeds up to      km h (     mph)  ],Dry with temperatures approaching 25 °C (77 °F); wind speeds up to 20 5 km/h (12 7 mph) 1],0,0,1,0,0
409,1986,7,37,Cloudy and hot with temperatures reaching up to    °F (   °C)  wind speeds up to    miles per hour (   km h)  ],Cloudy and hot with temperatures reaching up to 91 °F (33 °C); wind speeds up to 23 miles per hour (37 km/h) 1],1,0,0,0,1
410,1986,8,34,Dry,Dry,0,0,1,0,0
411,1986,9,38,Sunny,Sunny,1,0,0,0,0
412,1986,10,10,Dry,Dry,0,0,1,0,0
413,1986,11,11,not found,not found,0,0,0,0,0
414,1986,12,23,Dry,Dry,0,0,1,0,0
415,1986,13,14,Dry,Dry,0,0,1,0,0
416,1986,14,27,Dry,Dry,0,0,1,0,0
417,1986,15,32,Sunny and hot,Sunny and hot,1,0,0,0,0
418,1986,16,29,Sunny,Sunny,1,0,0,0,0
419,1985,1,36,Dry,Dry,0,0,1,0,0
420,1985,2,27,Overcast  Cold  Rain,Overcast  Cold  Rain,0,1,0,1,1
421,1985,3,21,not found,not found,0,0,0,0,0
422,1985,4,6,Dry,Dry,0,0,1,0,0
423,1985,5,7,Sunny with temperatures approaching      °C (     °F)  wind speeds up to      kilometres per hour (    mph)  ],Sunny with temperatures approaching 20 5 °C (68 9 °F); wind speeds up to 12 9 kilometres per hour (8 0 mph) 1],1,0,0,0,0
424,1985,6,37,Clear and cool with temperatures reaching up to      °F (     °C)  wind speeds up to    miles per hour (   km h)  ],Clear and cool with temperatures reaching up to 80 1 °F (26 7 °C); wind speeds up to 23 miles per hour (37 km/h) 1],1,1,0,0,0
425,1985,7,34,Dry  hot  ],Dry  hot 2],1,0,1,0,0
426,1985,8,9,Cool  overcast,Cool  overcast,0,1,0,0,1
427,1985,9,20,Dry,Dry,0,0,1,0,0
428,1985,10,23,Dry,Dry,0,0,1,0,0
429,1985,11,39,Sunny,Sunny,1,0,0,0,0
430,1985,12,14,Dry,Dry,0,0,1,0,0
431,1985,13,13,Wet Dry  drying up in later stages,Wet/Dry  drying up in later stages,0,0,1,1,0
432,1985,14,38,not found,not found,0,0,0,0,0
433,1985,15,30,Dry,Dry,0,0,1,0,0
434,1985,16,29,Sunny,Sunny,1,0,0,0,0
435,1984,1,36,Dry,Dry,0,0,1,0,0
436,1984,2,30,Dry,Dry,0,0,1,0,0
437,1984,3,40,not found,not found,0,0,0,0,0
438,1984,4,21,not found,not found,0,0,0,0,0
439,1984,5,41,Dry,Dry,0,0,1,0,0
440,1984,6,6,Heavy rain and spray,Heavy rain and spray,0,0,0,1,0
441,1984,7,7,Dry with temperatures approaching    °C (   °F)  wind speeds up to      kilometres per hour (    mph)  ],Dry with temperatures approaching 26 °C (79 °F); wind speeds up to 12 9 kilometres per hour (8 0 mph) 1],0,0,1,0,0
442,1984,8,37,Sunny and warm with temperatures reaching up to      °F (     °C)  wind speeds up to      miles per hour (     km h)  ],Sunny and warm with temperatures reaching up to 77 9 °F (25 5 °C); wind speeds up to 11 3 miles per hour (18 2 km/h) 1],1,0,0,0,0
443,1984,9,42,Sunny with temperatures reaching up to     °F (   °C)  wind speeds approaching speeds up to    miles per hour (   km h)  ],Sunny with temperatures reaching up to 100 °F (38 °C); wind speeds approaching speeds up to 14 miles per hour (23 km/h) 1],1,0,0,0,0
444,1984,10,38,not found,not found,0,0,0,0,0
445,1984,11,10,Dry,Dry,0,0,1,0,0
446,1984,12,23,Dry,Dry,0,0,1,0,0
447,1984,13,39,Sunny,Sunny,1,0,0,0,0
448,1984,14,14,Dry,Dry,0,0,1,0,0
449,1984,15,20,Sunny,Sunny,1,0,0,0,0
450,1984,16,27,Dry,Dry,0,0,1,0,0
451,1983,1,36,Dry,Dry,0,0,1,0,0
452,1983,2,43,Sunny and warm with temperatures reaching up to      °F (     °C)  wind speeds approaching speeds up to     miles per hour (     km h)  ],Sunny and warm with temperatures reaching up to 65 8 °F (18 8 °C); wind speeds approaching speeds up to 9 9 miles per hour (15 9 km/h) 1],1,0,0,0,0
453,1983,3,34,Dry  grey and cool  ],Dry  grey and cool 1],0,1,1,0,1
454,1983,4,21,not found,not found,0,0,0,0,0
455,1983,5,6,Wet track at the start,Wet track at the start,0,0,0,1,0
456,1983,6,13,not found,not found,0,0,0,0,0
457,1983,7,37,Sunny and warm with temperatures reaching up to      °F (     °C)  wind speeds up to      miles per hour (     km h)  ],Sunny and warm with temperatures reaching up to 76 8 °F (24 9 °C); wind speeds up to 11 3 miles per hour (18 2 km/h) 1],1,0,0,0,0
458,1983,8,7,Warm with temperatures approaching    °C (   °F)  wind speeds up to    kilometres per hour (    mph)  ],Warm with temperatures approaching 30 °C (86 °F); wind speeds up to 15 kilometres per hour (9 3 mph) 1],1,0,0,0,0
459,1983,9,9,not found,not found,0,0,0,0,0
460,1983,10,10,Dry,Dry,0,0,1,0,0
461,1983,11,23,Dry,Dry,0,0,1,0,0
462,1983,12,39,Cloudy,Cloudy,0,0,0,0,1
463,1983,13,14,Dry,Dry,0,0,1,0,0
464,1983,14,38,Dry,Dry,0,0,1,0,0
465,1983,15,30,Dry,Dry,0,0,1,0,0
466,1982,1,30,Dry,Dry,0,0,1,0,0
467,1982,2,36,Dry,Dry,0,0,1,0,0
468,1982,3,43,Clear and warm with temperatures reaching up to      °F (     °C)  wind speeds approaching speeds up to      miles per hour (     km h)  ],Clear and warm with temperatures reaching up to 63 9 °F (17 7 °C); wind speeds approaching speeds up to 11 8 miles per hour (19 0 km/h) 1],1,0,0,0,0
469,1982,4,21,not found,not found,0,0,0,0,0
470,1982,5,40,Cold with air temperatures reaching up to    °C (   °F)  ],Cold with air temperatures reaching up to 13 °C (55 °F) 1],0,1,0,0,0
471,1982,6,6,Dry  then Wet,Dry  then Wet,0,0,1,1,0
472,1982,7,37,Sunny and warm with temperatures reaching up to    °F (   °C)  wind speeds up to      miles per hour (     km h)  ],Sunny and warm with temperatures reaching up to 72 °F (22 °C); wind speeds up to 16 1 miles per hour (25 9 km/h) 1],1,0,0,0,0
473,1982,8,7,Overcast and chilly   °C (   °F)  ],Overcast and chilly17 °C (63 °F) 1],0,1,0,0,1
474,1982,9,39,Cloudy,Cloudy,0,0,0,0,1
475,1982,10,38,not found,not found,0,0,0,0,0
476,1982,11,34,Dry,Dry,0,0,1,0,0
477,1982,12,10,Dry,Dry,0,0,1,0,0
478,1982,13,23,Sunny  hot,Sunny  hot,1,0,0,0,0
479,1982,14,41,Dry,Dry,0,0,1,0,0
480,1982,15,14,Dry,Dry,0,0,1,0,0
481,1982,16,44,Sunny with temperatures reaching up to      °F (     °C)  wind speeds approaching speeds up to      miles per hour (     km h)  ],Sunny with temperatures reaching up to 98 8 °F (37 1 °C); wind speeds approaching speeds up to 18 1 miles per hour (29 1 km/h) 1],1,0,0,0,0
482,1981,1,43,Sunny and warm with temperatures reaching up to      °F (     °C)  wind speeds approaching      miles per hour (     km h)  ],Sunny and warm with temperatures reaching up to 71 1 °F (21 7 °C); wind speeds approaching 10 9 miles per hour (17 5 km/h) 1],1,0,0,0,0
483,1981,2,36,Overcast  Fresh  Rain,Overcast  Fresh  Rain,0,1,0,1,1
484,1981,3,25,Sunny  Hot  Dry,Sunny  Hot  Dry,1,0,1,0,0
485,1981,4,21,Rain  cold,Rain  cold,0,1,0,1,0
486,1981,5,40,Wet Dry,Wet/Dry,0,0,1,1,0
487,1981,6,6,Dry,Dry,0,0,1,0,0
488,1981,7,45,Sunny  hot,Sunny  hot,1,0,0,0,0
489,1981,8,41,Wet,Wet,0,0,0,1,0
490,1981,9,9,Dry,Dry,0,0,1,0,0
491,1981,10,10,Wet   Dry,Wet / Dry,0,0,1,1,0
492,1981,11,23,Mild  Dry,Mild  Dry,1,0,1,0,0
493,1981,12,39,Sunny  Dry,Sunny  Dry,1,0,1,0,0
494,1981,13,14,Dry and sunny,Dry and sunny,1,0,1,0,0
495,1981,14,7,Wet and cold with temperatures up to    °C (   °F)  wind speeds up to    kilometres per hour (    mph)  ],Wet and cold with temperatures up to 20 °C (68 °F); wind speeds up to 15 kilometres per hour (9 3 mph) 1],0,1,0,1,0
496,1981,15,44,Sunny with temperatures reaching up to    °F (   °C)  wind speeds approaching speeds up to      miles per hour (     km h)  ],Sunny with temperatures reaching up to 75 °F (24 °C); wind speeds approaching speeds up to 11 1 miles per hour (17 9 km/h) 1],1,0,0,0,0
497,1980,1,25,Sunny  Very hot  Dry,Sunny  Very hot  Dry,1,0,1,0,0
498,1980,2,18,Dry,Dry,0,0,1,0,0
499,1980,3,30,Dry,Dry,0,0,1,0,0
500,1980,4,43,Sunny and warm with temperatures reaching up to    °F (   °C)  wind speeds up to      miles per hour (     km h)  ],Sunny and warm with temperatures reaching up to 81 °F (27 °C); wind speeds up to 10 9 miles per hour (17 5 km/h) 1],1,0,0,0,0
501,1980,5,40,Dry,Dry,0,0,1,0,0
502,1980,6,6,Dry at the start  damp in the end,Dry at the start  damp in the end,0,0,1,1,0
503,1980,7,34,Dry,Dry,0,0,1,0,0
504,1980,8,38,not found,not found,0,0,0,0,0
505,1980,9,10,Overcast  Dry,Overcast  Dry,0,0,1,0,1
506,1980,10,23,Mild  Dry,Mild  Dry,1,0,1,0,0
507,1980,11,39,Sunny  Mild  Dry,Sunny  Mild  Dry,1,0,1,0,0
508,1980,12,21,Sunny  Mild  Dry,Sunny  Mild  Dry,1,0,1,0,0
509,1980,13,7,Cold and dry with temperatures reaching up to    °C (   °F)  wind speeds up to      kilometres per hour (    mph)  ],Cold and dry with temperatures reaching up to 11 °C (52 °F); wind speeds up to 15 9 kilometres per hour (9 9 mph) 1],0,1,1,0,0
510,1980,14,46,Cloudy and dry with temperatures reaching up to    °F (   °C)  wind speeds up to   miles per hour (   km h)  ],Cloudy and dry with temperatures reaching up to 54 °F (12 °C); wind speeds up to 8 miles per hour (13 km/h) 1],0,0,1,0,1
511,1979,1,25,Dry,Dry,0,0,1,0,0
512,1979,2,18,Dry,Dry,0,0,1,0,0
513,1979,3,30,Wet,Wet,0,0,0,1,0
514,1979,4,43,Sunny and warm with temperatures reaching up to    °F (   °C)  winds gusting up to   miles per hour (   km h)  ],Sunny and warm with temperatures reaching up to 66 °F (19 °C); winds gusting up to 8 miles per hour (13 km/h) 1],1,0,0,0,0
515,1979,5,45,Dry,Dry,0,0,1,0,0
516,1979,6,40,Dry,Dry,0,0,1,0,0
517,1979,7,6,Dry,Dry,0,0,1,0,0
518,1979,8,41,Dry,Dry,0,0,1,0,0
519,1979,9,9,Dry,Dry,0,0,1,0,0
520,1979,10,10,Dry,Dry,0,0,1,0,0
521,1979,11,23,Dry,Dry,0,0,1,0,0
522,1979,12,39,Dry,Dry,0,0,1,0,0
523,1979,13,14,Dry and sunny,Dry and sunny,1,0,1,0,0
524,1979,14,7,Partially cloudy  mild and dry with temperatures reaching up to    °C (   °F)  wind speeds up to      kilometres per hour (     mph)  ],Partially cloudy  mild and dry with temperatures reaching up to 21 °C (70 °F); wind speeds up to 18 3 kilometres per hour (11 4 mph) 1],1,0,1,0,1
525,1979,15,46,Rain with temperatures reaching a maximum of    °F (   °C)  wind speeds up to    miles per hour (   km h)  ],Rain with temperatures reaching a maximum of 59 °F (15 °C); wind speeds up to 15 miles per hour (24 km/h) 1],0,0,0,1,0
526,1978,1,25,Dry,Dry,0,0,1,0,0
527,1978,2,36,Dry,Dry,0,0,1,0,0
528,1978,3,30,Dry,Dry,0,0,1,0,0
529,1978,4,43,Scattered clouds    °C (   °F)  ],Scattered clouds 17 °C (63 °F) 1],0,0,0,0,1
530,1978,5,6,Dry,Dry,0,0,1,0,0
531,1978,6,40,Dry,Dry,0,0,1,0,0
532,1978,7,45,Dry,Dry,0,0,1,0,0
533,1978,8,47,Sunny and warm,Sunny and warm,1,0,0,0,0
534,1978,9,34,Dry,Dry,0,0,1,0,0
535,1978,10,38,Dry,Dry,0,0,1,0,0
536,1978,11,10,Dry,Dry,0,0,1,0,0
537,1978,12,23,Wet,Wet,0,0,0,1,0
538,1978,13,39,Dry,Dry,0,0,1,0,0
539,1978,14,14,Sunny,Sunny,1,0,0,0,0
540,1978,15,46,Cloudy  dry,Cloudy  dry,0,0,1,0,1
541,1978,16,7,Mostly cloudy and cold  °C (   °F)  ],Mostly cloudy and cold5 °C (41 °F) 1],0,1,0,0,1
542,1977,1,25,Dry,Dry,0,0,1,0,0
543,1977,2,18,Dry,Dry,0,0,1,0,0
544,1977,3,30,Sunny,Sunny,1,0,0,0,0
545,1977,4,43,Sunny with temperatures reaching up to    °F (   °C)  winds gusting up to      miles per hour (     km h)  ],Sunny with temperatures reaching up to 68 °F (20 °C); winds gusting up to 10 9 miles per hour (17 5 km/h) 1],1,0,0,0,0
546,1977,5,45,not found,not found,0,0,0,0,0
547,1977,6,6,Dry,Dry,0,0,1,0,0
548,1977,7,40,Wet,Wet,0,0,0,1,0
549,1977,8,47,Dry,Dry,0,0,1,0,0
550,1977,9,41,Dry,Dry,0,0,1,0,0
551,1977,10,9,Sunny,Sunny,1,0,0,0,0
552,1977,11,10,Dry,Dry,0,0,1,0,0
553,1977,12,23,Wet  then drying,Wet  then drying,0,0,0,1,0
554,1977,13,39,Dry,Dry,0,0,1,0,0
555,1977,14,14,Dry,Dry,0,0,1,0,0
556,1977,15,46,Rain with temperatures reaching up to    °F (   °C)  winds gusting up to      miles per hour (     km h)  ],Rain with temperatures reaching up to 63 °F (17 °C); winds gusting up to 12 8 miles per hour (20 6 km/h) 1],0,0,0,1,0
557,1977,16,48,Cold with temperatures approaching    °C (   °F)  wind speeds up to      kilometres per hour (    mph)  ],Cold with temperatures approaching 12 °C (54 °F); wind speeds up to 12 8 kilometres per hour (8 0 mph) 1],0,1,0,0,0
558,1977,17,16,Dry,Dry,0,0,1,0,0
559,1976,1,18,Sunny,Sunny,1,0,0,0,0
560,1976,2,30,Sunny,Sunny,1,0,0,0,0
561,1976,3,43,Hot and sunny with temperatures reaching up to    °F (   °C)  wind speeds approaching speeds up to    miles per hour (   km h)  ],Hot and sunny with temperatures reaching up to 70 °F (21 °C); wind speeds approaching speeds up to 15 miles per hour (24 km/h) 1],1,0,0,0,0
562,1976,4,45,not found,not found,0,0,0,0,0
563,1976,5,40,not found,not found,0,0,0,0,0
564,1976,6,6,Dry,Dry,0,0,1,0,0
565,1976,7,47,Dry,Dry,0,0,1,0,0
566,1976,8,34,not found,not found,0,0,0,0,0
567,1976,9,38,Dry,Dry,0,0,1,0,0
568,1976,10,20,Rain at start  later drying,Rain at start  later drying,0,0,0,1,0
569,1976,11,23,not found,not found,0,0,0,0,0
570,1976,12,39,Warm  dry,Warm  dry,1,0,1,0,0
571,1976,13,14,not found,not found,0,0,0,0,0
572,1976,14,48,Mild with temperatures approaching    °C (   °F)  wind speeds up to     kilometres per hour (    mph)  ],Mild with temperatures approaching 22 °C (72 °F); wind speeds up to 8 9 kilometres per hour (5 5 mph) 1],1,0,0,0,0
573,1976,15,46,Sunny with temperatures reaching up to    °F (   °C)  winds gusting up to      miles per hour (     km h)  ],Sunny with temperatures reaching up to 61 °F (16 °C); winds gusting up to 15 9 miles per hour (25 6 km/h) 1],1,0,0,0,0
574,1976,16,16,Very wet and misty  eventually drying,Very wet and misty  eventually drying,0,0,0,1,0
575,1975,1,25,Hot and sunny,Hot and sunny,1,0,0,0,0
576,1975,2,18,Hot and dry,Hot and dry,1,0,1,0,0
577,1975,3,30,Sunny,Sunny,1,0,0,0,0
578,1975,4,49,Sunny,Sunny,1,0,0,0,0
579,1975,5,6,Rain  later drying,Rain  later drying,0,0,0,1,0
580,1975,6,40,Dry and sunny,Dry and sunny,1,0,1,0,0
581,1975,7,47,Dry,Dry,0,0,1,0,0
582,1975,8,39,Wet  drying later,Wet  drying later,0,0,0,1,0
583,1975,9,34,Dry and sunny,Dry and sunny,1,0,1,0,0
584,1975,10,9,Sunny  then overcast  then heavy rain,Sunny  then overcast  then heavy rain,1,0,0,1,1
585,1975,11,20,Dry and sunny,Dry and sunny,1,0,1,0,0
586,1975,12,23,Heavy rain,Heavy rain,0,0,0,1,0
587,1975,13,14,Dry and sunny,Dry and sunny,1,0,1,0,0
588,1975,14,46,Partly sunny with temperatures reaching a maximum of      °F (     °C)  wind speeds up to    miles per hour (   km h)  ],Partly sunny with temperatures reaching a maximum of 69 1 °F (20 6 °C); wind speeds up to 14 miles per hour (23 km/h) 1],1,0,0,0,0
589,1974,1,25,Hot and sunny,Hot and sunny,1,0,0,0,0
590,1974,2,18,Cloudy and dry in the first phase  then seasonal monsoon later ,Cloudy and dry in the first phase  then seasonal monsoon later ,0,0,1,0,1
591,1974,3,30,not found,not found,0,0,0,0,0
592,1974,4,45,not found,not found,0,0,0,0,0
593,1974,5,50,not found,not found,0,0,0,0,0
594,1974,6,6,not found,not found,0,0,0,0,0
595,1974,7,47,not found,not found,0,0,0,0,0
596,1974,8,39,not found,not found,0,0,0,0,0
597,1974,9,41,not found,not found,0,0,0,0,0
598,1974,10,38,not found,not found,0,0,0,0,0
599,1974,11,20,Overcast  showers,Overcast  showers,0,0,0,1,1
600,1974,12,23,not found,not found,0,0,0,0,0
601,1974,13,14,not found,not found,0,0,0,0,0
602,1974,14,48,Cold with temperatures approaching      °C (     °F)  wind speeds up to    kilometres per hour (    mph)  ],Cold with temperatures approaching 13 3 °C (55 9 °F); wind speeds up to 15 kilometres per hour (9 3 mph) 1],0,1,0,0,0
603,1974,15,46,Clear  warm,Clear  warm,1,0,0,0,0
604,1973,1,25,not found,not found,0,0,0,0,0
605,1973,2,18,Partly cloudy and hot,Partly cloudy and hot,1,0,0,0,1
606,1973,3,30,Sunny  Hot  Dry,Sunny  Hot  Dry,1,0,1,0,0
607,1973,4,49,Sunny  Hot  Dry,Sunny  Hot  Dry,1,0,1,0,0
608,1973,5,40,Warm  dry,Warm  dry,1,0,1,0,0
609,1973,6,6,not found,not found,0,0,0,0,0
610,1973,7,47,not found,not found,0,0,0,0,0
611,1973,8,34,Sunny and warm,Sunny and warm,1,0,0,0,0
612,1973,9,9,Dry,Dry,0,0,1,0,0
613,1973,10,39,Dry,Dry,0,0,1,0,0
614,1973,11,20,Dry,Dry,0,0,1,0,0
615,1973,12,23,not found,not found,0,0,0,0,0
616,1973,13,14,not found,not found,0,0,0,0,0
617,1973,14,48,Mild with temperatures approaching      °C (     °F)  wind speeds up to      kilometres per hour (    mph)  ],Mild with temperatures approaching 22 2 °C (72 0 °F); wind speeds up to 11 8 kilometres per hour (7 3 mph) 1],1,0,0,0,0
618,1973,15,46,Cloudy with temperatures approaching    °F (   °C)  wind speeds up to   miles per hour (   km h)  ],Cloudy with temperatures approaching 68 °F (20 °C); wind speeds up to 8 miles per hour (13 km/h) 1],0,0,0,0,1
619,1972,1,25,not found,not found,0,0,0,0,0
620,1972,2,30,Sunny  Hot  Dry,Sunny  Hot  Dry,1,0,1,0,0
621,1972,3,45,not found,not found,0,0,0,0,0
622,1972,4,6,Wet,Wet,0,0,0,1,0
623,1972,5,50,not found,not found,0,0,0,0,0
624,1972,6,51,not found,not found,0,0,0,0,0
625,1972,7,38,Warm  dry,Warm  dry,1,0,1,0,0
626,1972,8,20,not found,not found,0,0,0,0,0
627,1972,9,23,Sunny  hot,Sunny  hot,1,0,0,0,0
628,1972,10,14,Dry and sunny,Dry and sunny,1,0,1,0,0
629,1972,11,48,Mild with temperatures approaching      °C (     °F)  wind speeds up to    kilometres per hour (    mph)  ],Mild with temperatures approaching 22 8 °C (73 0 °F); wind speeds up to 12 kilometres per hour (7 5 mph) 1],1,0,0,0,0
630,1972,12,46,Sunny at start  brief showers late,Sunny at start  brief showers late,1,0,0,1,0
631,1971,1,30,Sunny  Hot  Dry,Sunny  Hot  Dry,1,0,1,0,0
632,1971,2,49,Sunny  Hot  Dry,Sunny  Hot  Dry,1,0,1,0,0
633,1971,3,6,Overcast,Overcast,0,0,0,0,1
634,1971,4,39,Wet,Wet,0,0,0,1,0
635,1971,5,34,not found,not found,0,0,0,0,0
636,1971,6,9,Overcast  dry,Overcast  dry,0,0,1,0,1
637,1971,7,20,not found,not found,0,0,0,0,0
638,1971,8,23,Dry,Dry,0,0,1,0,0
639,1971,9,14,not found,not found,0,0,0,0,0
640,1971,10,48,Chilly with temperatures approaching      °C (     °F)  wind speeds up to   kilometres per hour (    mph)  ],Chilly with temperatures approaching 17 8 °C (64 0 °F); wind speeds up to 8 kilometres per hour (5 0 mph) 1],0,1,0,0,0
641,1971,11,46,Dry,Dry,0,0,1,0,0
642,1970,1,30,Very hot  Dry,Very hot  Dry,1,0,1,0,0
643,1970,2,45,Very hot  Dry,Very hot  Dry,1,0,1,0,0
644,1970,3,6,Sunny and warm,Sunny and warm,1,0,0,0,0
645,1970,4,13,not found,not found,0,0,0,0,0
646,1970,5,39,Cloudy,Cloudy,0,0,0,0,1
647,1970,6,51,Overcast,Overcast,0,0,0,0,1
648,1970,7,38,not found,not found,0,0,0,0,0
649,1970,8,10,not found,not found,0,0,0,0,0
650,1970,9,23,not found,not found,0,0,0,0,0
651,1970,10,14,Sunny  Dry,Sunny  Dry,1,0,1,0,0
652,1970,11,52,Mild with temperatures approaching      °C (     °F)  winds gusting up to      kilometres per hour (    mph)  ],Mild with temperatures approaching 23 3 °C (73 9 °F); winds gusting up to 10 1 kilometres per hour (6 3 mph) 1],1,0,0,0,0
653,1970,12,46,Cloudy and dry with temperatures reaching up to    °F (   °C)  winds gusting up to      miles per hour (     km h)  ],Cloudy and dry with temperatures reaching up to 50 °F (10 °C); winds gusting up to 15 9 miles per hour (25 6 km/h) 1],0,0,1,0,1
654,1970,13,32,not found,not found,0,0,0,0,0
655,1969,1,30,Hot  Dry,Hot  Dry,1,0,1,0,0
656,1969,2,49,Sunny  mild  dry,Sunny  mild  dry,1,0,1,0,0
657,1969,3,6,Overcast  mild  dry,Overcast  mild  dry,1,0,1,0,1
658,1969,4,39,Sunny  mild  dry,Sunny  mild  dry,1,0,1,0,0
659,1969,5,51,Sunny  mild  dry,Sunny  mild  dry,1,0,1,0,0
660,1969,6,9,Overcast  dry,Overcast  dry,0,0,1,0,1
661,1969,7,20,not found,not found,0,0,0,0,0
662,1969,8,14,Sunny  Dry,Sunny  Dry,1,0,1,0,0
663,1969,9,48,Mild with temperatures approaching      °C (     °F)  wind speeds up to      kilometres per hour (    mph)  ],Mild with temperatures approaching 21 1 °C (70 0 °F); wind speeds up to 10 1 kilometres per hour (6 3 mph) 1],1,0,0,0,0
664,1969,10,46,Dry with temperatures reaching up to    °F (   °C)  wind speeds up to      miles per hour (     km h)  ],Dry with temperatures reaching up to 64 °F (18 °C); wind speeds up to 10 1 miles per hour (16 3 km/h) 1],0,0,1,0,0
665,1969,11,32,Warm and dry,Warm and dry,1,0,1,0,0
666,1968,1,30,Very hot  dry,Very hot  dry,1,0,1,0,0
667,1968,2,45,Hot  Dry,Hot  Dry,1,0,1,0,0
668,1968,3,6,Sunny  Mild  Dry,Sunny  Mild  Dry,1,0,1,0,0
669,1968,4,13,Overcast  Dry,Overcast  Dry,0,0,1,0,1
670,1968,5,39,Showers,Showers,0,0,0,1,0
671,1968,6,53,Wet,Wet,0,0,0,1,0
672,1968,7,38,Hot  Dry,Hot  Dry,1,0,1,0,0
673,1968,8,20,Hazy  Wet,Hazy  Wet,0,0,0,1,0
674,1968,9,14,Hot  Dry,Hot  Dry,1,0,1,0,0
675,1968,10,52,Sunny with temperatures reaching up to      °C (     °F) and wind speeds up to      kilometres per hour (    mph)  no precipitation reported throughout the day  ],Sunny with temperatures reaching up to 27 8 °C (82 0 °F) and wind speeds up to 10 1 kilometres per hour (6 3 mph); no precipitation reported throughout the day 1],1,0,0,0,0
676,1968,11,46,Temperatures reaching a maximum of      °F (     °C)  wind speeds up to    miles per hour (   km h)  ],Temperatures reaching a maximum of 51 1 °F (10 6 °C); wind speeds up to 14 miles per hour (23 km/h) 1],0,0,0,0,0
677,1968,12,32,Sunny  Mild  Dry,Sunny  Mild  Dry,1,0,1,0,0
678,1967,1,30,not found,not found,0,0,0,0,0
679,1967,2,6,not found,not found,0,0,0,0,0
680,1967,3,39,not found,not found,0,0,0,0,0
681,1967,4,13,not found,not found,0,0,0,0,0
682,1967,5,54,not found,not found,0,0,0,0,0
683,1967,6,9,not found,not found,0,0,0,0,0
684,1967,7,20,Warm  dry and sunny,Warm  dry and sunny,1,0,1,0,0
685,1967,8,48,Rainy with temperatures up to      °C (     °F)  wind speeds up to   kilometres per hour (    mph)  ],Rainy with temperatures up to 24 4 °C (75 9 °F); wind speeds up to 8 kilometres per hour (5 0 mph) 1],0,0,0,1,0
686,1967,9,14,Warm  dry,Warm  dry,1,0,1,0,0
687,1967,10,46,Sunny,Sunny,1,0,0,0,0
688,1967,11,32,not found,not found,0,0,0,0,0
689,1966,1,6,Overcast  Mild  Dry,Overcast  Mild  Dry,1,0,1,0,1
690,1966,2,13,Overcast and wet,Overcast and wet,0,0,0,1,1
691,1966,3,55,Hot  dry,Hot  dry,1,0,1,0,0
692,1966,4,38,Wet  drying later,Wet  drying later,0,0,0,1,0
693,1966,5,39,Sunny  Mild  Dry,Sunny  Mild  Dry,1,0,1,0,0
694,1966,6,20,Overcast and wet,Overcast and wet,0,0,0,1,1
695,1966,7,14,Warm  dry and sunny,Warm  dry and sunny,1,0,1,0,0
696,1966,8,46,Cool  dry,Cool  dry,0,1,1,0,0
697,1966,9,32,Warm  clear,Warm  clear,1,0,0,0,0
698,1965,1,56,not found,not found,0,0,0,0,0
699,1965,2,6,not found,not found,0,0,0,0,0
700,1965,3,13,Heavy rain,Heavy rain,0,0,0,1,0
701,1965,4,51,Sunny,Sunny,1,0,0,0,0
702,1965,5,9,Warm  dry and overcast,Warm  dry and overcast,1,0,1,0,1
703,1965,6,39,not found,not found,0,0,0,0,0
704,1965,7,20,Overcast and dry,Overcast and dry,0,0,1,0,1
705,1965,8,14,not found,not found,0,0,0,0,0
706,1965,9,46,Rainy  windy  cold,Rainy  windy  cold,0,1,0,1,0
707,1965,10,32,not found,not found,0,0,0,0,0
708,1964,1,6,not found,not found,0,0,0,0,0
709,1964,2,39,Dry,Dry,0,0,1,0,0
710,1964,3,13,Dry,Dry,0,0,1,0,0
711,1964,4,53,Dry,Dry,0,0,1,0,0
712,1964,5,38,Warm  dry,Warm  dry,1,0,1,0,0
713,1964,6,20,Dry,Dry,0,0,1,0,0
714,1964,7,57,Dry,Dry,0,0,1,0,0
715,1964,8,14,Dry,Dry,0,0,1,0,0
716,1964,9,46,Sunny  warm,Sunny  warm,1,0,0,0,0
717,1964,10,32,not found,not found,0,0,0,0,0
718,1963,1,6,Warm  dry and sunny,Warm  dry and sunny,1,0,1,0,0
719,1963,2,13,Wet and overcast,Wet and overcast,0,0,0,1,1
720,1963,3,39,Sunny,Sunny,1,0,0,0,0
721,1963,4,55,Sunny  then rain,Sunny  then rain,1,0,0,1,0
722,1963,5,9,Warm  dry and sunny,Warm  dry and sunny,1,0,1,0,0
723,1963,6,20,Warm  dry and sunny,Warm  dry and sunny,1,0,1,0,0
724,1963,7,14,Warm  dry and sunny,Warm  dry and sunny,1,0,1,0,0
725,1963,8,46,Sunny,Sunny,1,0,0,0,0
726,1963,9,32,Overcast  Dry ,Overcast  Dry ,0,0,1,0,1
727,1963,10,56,Hot  dry and windy,Hot  dry and windy,1,0,1,0,0
728,1962,1,39,Sunny,Sunny,1,0,0,0,0
729,1962,2,6,Cloudy,Cloudy,0,0,0,0,1
730,1962,3,13,Sunny,Sunny,1,0,0,0,0
731,1962,4,53,Sunny,Sunny,1,0,0,0,0
732,1962,5,58,Sunny,Sunny,1,0,0,0,0
733,1962,6,20,Heavy rain showers,Heavy rain showers,0,0,0,1,0
734,1962,7,14,Dry  with rain later,Dry  with rain later,0,0,1,1,0
735,1962,8,46,Sunny,Sunny,1,0,0,0,0
736,1962,9,56,Dry  windy,Dry  windy,0,0,1,0,0
737,1961,1,6,Sunny,Sunny,1,0,0,0,0
738,1961,2,39,Sunny,Sunny,1,0,0,0,0
739,1961,3,13,Sunny,Sunny,1,0,0,0,0
740,1961,4,55,Sunny,Sunny,1,0,0,0,0
741,1961,5,58,Torrential rain  drying later,Torrential rain  drying later,0,0,0,1,0
742,1961,6,20,Wet,Wet,0,0,0,1,0
743,1961,7,14,Sunny,Sunny,1,0,0,0,0
744,1961,8,46,Temperatures up to    °F (   °C)  wind speeds up to     miles per hour (     km h)  ],Temperatures up to 72 °F (22 °C); wind speeds up to 8 9 miles per hour (14 3 km/h) 1],0,0,0,0,0
745,1960,1,25,Dry,Dry,0,0,1,0,0
746,1960,2,6,not found,not found,0,0,0,0,0
747,1960,3,19,not found,not found,0,0,0,0,0
748,1960,4,39,not found,not found,0,0,0,0,0
749,1960,5,13,not found,not found,0,0,0,0,0
750,1960,6,55,Dry,Dry,0,0,1,0,0
751,1960,7,9,Dry  overcast ,Dry  overcast ,0,0,1,0,1
752,1960,8,59,not found,not found,0,0,0,0,0
753,1960,9,14,Warm  dry,Warm  dry,1,0,1,0,0
754,1960,10,60,Temperatures up to      °F (     °C)  wind speeds up to     miles per hour (     km h)  ],Temperatures up to 75 9 °F (24 4 °C); wind speeds up to 9 9 miles per hour (15 9 km/h) 1],0,0,0,0,0
755,1959,1,6,Hot  clear,Hot  clear,1,0,0,0,0
756,1959,2,19,not found,not found,0,0,0,0,0
757,1959,3,39,Sunny,Sunny,1,0,0,0,0
758,1959,4,55,Hot  dry,Hot  dry,1,0,1,0,0
759,1959,5,58,Dry and sunny ,Dry and sunny ,1,0,1,0,0
760,1959,6,61,Dry and dull ,Dry and dull ,0,0,1,0,0
761,1959,7,62,Hot and clear ,Hot and clear ,1,0,0,0,0
762,1959,8,14,Dry and sunny,Dry and sunny,1,0,1,0,0
763,1959,9,63,Sunny with temperatures reaching up to    °F (   °C)  winds gusting up to    miles per hour (   km h)  ],Sunny with temperatures reaching up to 77 °F (25 °C); winds gusting up to 14 miles per hour (23 km/h) 1],1,0,0,0,0
764,1958,1,25,not found,not found,0,0,0,0,0
765,1958,2,6,not found,not found,0,0,0,0,0
766,1958,3,39,not found,not found,0,0,0,0,0
767,1958,4,19,not found,not found,0,0,0,0,0
768,1958,5,13,Hot  dry,Hot  dry,1,0,1,0,0
769,1958,6,55,not found,not found,0,0,0,0,0
770,1958,7,9,not found,not found,0,0,0,0,0
771,1958,8,20,not found,not found,0,0,0,0,0
772,1958,9,59,not found,not found,0,0,0,0,0
773,1958,10,14,not found,not found,0,0,0,0,0
774,1958,11,64,Warm  dry  sunny,Warm  dry  sunny,1,0,1,0,0
775,1957,1,25,not found,not found,0,0,0,0,0
776,1957,2,6,not found,not found,0,0,0,0,0
777,1957,3,19,Slightly overcast  dry track,Slightly overcast  dry track,0,0,1,0,1
778,1957,4,53,not found,not found,0,0,0,0,0
779,1957,5,58,Overcast  dry ,Overcast  dry ,0,0,1,0,1
780,1957,6,20,not found,not found,0,0,0,0,0
781,1957,7,65,not found,not found,0,0,0,0,0
782,1957,8,14,not found,not found,0,0,0,0,0
783,1956,1,25,Overcast but dry,Overcast but dry,0,0,1,0,1
784,1956,2,6,Warm  dry  sunny,Warm  dry  sunny,1,0,1,0,0
785,1956,3,19,Overcast  dry track,Overcast  dry track,0,0,1,0,1
786,1956,4,13,Wet and overcast  later drying,Wet and overcast  later drying,0,0,0,1,1
787,1956,5,55,not found,not found,0,0,0,0,0
788,1956,6,9,Overcast  dry,Overcast  dry,0,0,1,0,1
789,1956,7,20,not found,not found,0,0,0,0,0
790,1956,8,14,Cloudy  warm  alternating light rain,Cloudy  warm  alternating light rain,1,0,0,1,1
791,1955,1,25,Very hot and dry,Very hot and dry,1,0,1,0,0
792,1955,2,6,not found,not found,0,0,0,0,0
793,1955,3,19,Cool and windy,Cool and windy,0,1,0,0,0
794,1955,4,13,not found,not found,0,0,0,0,0
795,1955,5,39,Drizzly,Drizzly,0,0,0,0,0
796,1955,6,58,Hot  dry   ],Hot  dry  1],1,0,1,0,0
797,1955,7,14,not found,not found,0,0,0,0,0
798,1954,1,25,Overcast  wet,Overcast  wet,0,0,0,1,1
799,1954,2,19,Very hot and sunny,Very hot and sunny,1,0,0,0,0
800,1954,3,13,Sunny  mild  dry,Sunny  mild  dry,1,0,1,0,0
801,1954,4,55,Overcast  wet,Overcast  wet,0,0,0,1,1
802,1954,5,9,Cold  wet (heavy rain)   ],Cold  wet (heavy rain)  1],0,1,0,1,0
803,1954,6,20,Sunny  dry,Sunny  dry,1,0,1,0,0
804,1954,7,66,Rain,Rain,0,0,0,1,0
805,1954,8,14,Sunny  mild  dry,Sunny  mild  dry,1,0,1,0,0
806,1954,9,67,Sunny  mild  dry,Sunny  mild  dry,1,0,1,0,0
807,1953,1,25,Hot  dry,Hot  dry,1,0,1,0,0
808,1953,2,19,Extremely hot,Extremely hot,1,0,0,0,0
809,1953,3,39,Sunny  mild  dry,Sunny  mild  dry,1,0,1,0,0
810,1953,4,13,Hot  dry,Hot  dry,1,0,1,0,0
811,1953,5,55,Hot  dry,Hot  dry,1,0,1,0,0
812,1953,6,9,Overcast  showers,Overcast  showers,0,0,0,1,1
813,1953,7,20,Sunny  mild  dry,Sunny  mild  dry,1,0,1,0,0
814,1953,8,66,Sunny  mild  dry,Sunny  mild  dry,1,0,1,0,0
815,1953,9,14,Sunny  mild  dry,Sunny  mild  dry,1,0,1,0,0
816,1952,1,66,Sunny,Sunny,1,0,0,0,0
817,1952,2,19,Warm and sunny,Warm and sunny,1,0,0,0,0
818,1952,3,13,Rain,Rain,0,0,0,1,0
819,1952,4,53,Rain,Rain,0,0,0,1,0
820,1952,5,9,Overcast  dry ,Overcast  dry ,0,0,1,0,1
821,1952,6,20,Sunny,Sunny,1,0,0,0,0
822,1952,7,39,Rainy,Rainy,0,0,0,1,0
823,1952,8,14,Sunny,Sunny,1,0,0,0,0
824,1951,1,66,Overcast  rain,Overcast  rain,0,0,0,1,1
825,1951,2,19,Warm and sunny,Warm and sunny,1,0,0,0,0
826,1951,3,13,Sunny  Mild  Dry,Sunny  Mild  Dry,1,0,1,0,0
827,1951,4,55,Sunny  Hot  Dry,Sunny  Hot  Dry,1,0,1,0,0
828,1951,5,9,Mild  Dry,Mild  Dry,1,0,1,0,0
829,1951,6,20,Sunny  Mild  Dry,Sunny  Mild  Dry,1,0,1,0,0
830,1951,7,14,Warm and sunny,Warm and sunny,1,0,0,0,0
831,1951,8,67,Hot  Dry,Hot  Dry,1,0,1,0,0
832,1950,1,9,Sunny  Mild  Dry,Sunny  Mild  Dry,1,0,1,0,0
833,1950,2,6,not found,not found,0,0,0,0,0
834,1950,3,19,Rainy,Rainy,0,0,0,1,0
835,1950,4,66,Warm  dry and sunny,Warm  dry and sunny,1,0,1,0,0
836,1950,5,13,Warm  dry and sunny,Warm  dry and sunny,1,0,1,0,0
837,1950,6,55,Hot and sunny,Hot and sunny,1,0,0,0,0
838,1950,7,14,Warm  hot and sunny,Warm  hot and sunny,1,0,0,0,0
839,2011,1,1,Sunny    °C,Sunny  18°C,1,0,0,0,0
840,2011,2,2,Cloudy  dry,Cloudy  dry,0,0,1,0,1
841,2011,3,17,Fine and Dry  ] Air Temp    °C (   °F)  ] Track Temp    °C (   °F) dropping to    °C (   °F)  ],Fine and Dry 1] Air Temp 22 °C (72 °F) 1] Track Temp 32 °C (90 °F) dropping to 26 °C (79 °F) 1],1,0,1,0,0
842,2011,4,5,Sunny  Fine and Dry  ] Air Temp    °C (   °F)  ] Track Temp    °C (   °F) dropping to    °C (   °F)  ],Sunny  Fine and Dry 2] Air Temp 17 °C (63 °F) 2] Track Temp 35 °C (95 °F) dropping to 30 °C (86 °F) 2],1,0,1,0,0
843,2011,5,4,Mainly sunny  Fine and Dry  ]  ] Air Temp    °C (   °F)  ] Track Temp    °C (   °F) to    °C (    °F)  ],Mainly sunny  Fine and Dry 2] 3] Air Temp 27 °C (81 °F) 3] Track Temp 33 °C (91 °F) to 44 °C (111 °F) 3],1,0,1,0,0
844,2011,6,6,Sunny  Fine and Dry  ]Air Temp    °C (   °F)  ]Track Temp    °C (    °F)  ],Sunny  Fine and Dry 2]Air Temp 24 °C (75 °F) 2]Track Temp 44 °C (111 °F) 2],1,0,1,0,0
845,2011,7,7,Wet at start  very heavy rain later  after rain stops  track drying towards the end  Temperatures up to    °C (   °F)  wind speeds up to    kilometres per hour (    mph)  ],Wet at start  very heavy rain later  after rain stops  track drying towards the end  Temperatures up to 27 °C (81 °F); wind speeds up to 12 kilometres per hour (7 5 mph) 1],0,0,0,1,0
846,2011,8,12,Clear  Fine and Dry  ]  ] Air Temp    °C (   °F)  ] Track Temp    °C (    °F)  ],Clear  Fine and Dry 1] 2] Air Temp 27 °C (81 °F) 2] Track Temp 47 °C (117 °F) 2],1,0,1,0,0
847,2011,9,9,Wet track at start  subsequently drying  ]Air Temp    °C (   °F)  ]Track Temp    °C (   °F)  ],Wet track at start; subsequently drying 1]Air Temp 20 °C (68 °F) 1]Track Temp 22 °C (72 °F) 1],0,0,0,1,0
848,2011,10,20,Cloudy  (light) rain at start,Cloudy  (light) rain at start,0,0,0,1,1
849,2011,11,11,Cloudy  rain showers,Cloudy  rain showers,0,0,0,1,1
850,2011,12,13,Cloudy  dry,Cloudy  dry,0,0,1,0,1
851,2011,13,14,Mainly sunny,Mainly sunny,1,0,0,0,0
852,2011,14,15,Hot and humid Air Temp    °C (   °F)  ],Hot and humid Air Temp 31 °C (88 °F) 1],1,0,0,0,0
853,2011,15,22,Sunny and dry Air Temp    °C (   °F)  ],Sunny and dry Air Temp 24 °C (75 °F) 2],1,0,1,0,0
854,2011,16,35,Dry  light rain at the start Air Temp    °C (   °F)  ],Dry  light rain at the start Air Temp 21 °C (70 °F) 2],0,0,1,1,0
855,2011,17,68,Fine and Dry Air Temp    °C (   °F)  ],Fine and Dry Air Temp 30 °C (86 °F) 1],1,0,1,0,0
856,2011,18,24,Fine and Dry Air Temp    °C (   °F)  ],Fine and Dry Air Temp 25 °C (77 °F) 1],1,0,1,0,0
857,2011,19,18,Fine Air Temp    °C (   °F) Track Temp    °C (    °F)  ],Fine Air Temp 24 °C (75 °F) Track Temp 43 °C (109 °F) 1],1,0,0,0,0
858,2012,1,1,Fine  ] Air Temp    °C (   °F)  ] Track Temp    °C (   °F) dropping to    °C (   °F)  ],Fine 1] Air Temp 22 °C (72 °F) 1] Track Temp 30 °C (86 °F) dropping to 22 °C (72 °F) 1],1,0,0,0,0
859,2012,2,2,Heavy rain clearing to cloudy and dry  ] Air Temp    °C (   °F)  ]  Track Temp    °C (   °F) dropping to    °C (   °F)   ],Heavy rain clearing to cloudy and dry 2] Air Temp 26 °C (79 °F) 2]  Track Temp 29 °C (84 °F) dropping to 24 °C (75 °F)  2],0,0,1,1,1
860,2012,3,17,Overcast but Dry  ] Air Temp    °C (   °F)  ] Track Temp    °C (   °F)   ],Overcast but Dry 1] Air Temp 22 °C (72 °F) 1] Track Temp 23 °C (73 °F)  1],0,0,1,0,1
861,2012,4,3,Sunny and hot  ]  ] Air Temp    °C (   °F)  ] Track Temp    °C (   °F) dropping to    °C (   °F)  ],Sunny and hot 1] 2] Air Temp 27 °C (81 °F) 2] Track Temp 33 °C (91 °F) dropping to 29 °C (84 °F) 2],1,0,0,0,0
862,2012,5,4,Partially cloudy  dry   ] Air Temp    °C (   °F)  ] Track Temp    °C (   °F)   ],Partially cloudy  dry  2] Air Temp 23 °C (73 °F) 2] Track Temp 36 °C (97 °F)  2],0,0,1,0,1
863,2012,6,6,Fine and Dry  showers threatening at end  ] Air Temp    °C (   °F)  ] Track Temp    °C (    °F) dropping to    °C (   °F)  ],Fine and Dry  showers threatening at end 2] Air Temp 21 °C (70 °F) 2] Track Temp 38 °C (100 °F) dropping to 31 °C (88 °F) 2],1,0,1,1,0
864,2012,7,7,Fine  dry and warm   ] with air temperature approaching    °C (   °F)  ] Track Temp    °C (    °F) dropping to    °C (    °F)  ],Fine  dry and warm; 2] with air temperature approaching 29 °C (84 °F) 2] Track Temp 45 °C (113 °F) dropping to 39 °C (102 °F) 2],1,0,1,0,0
865,2012,8,12,Fine and Dry  ] Air Temp    °C (   °F)  ] Track Temp    °C (    °F)   ],Fine and Dry 2] Air Temp 27 °C (81 °F) 2] Track Temp 45 °C (113 °F)  2],1,0,1,0,0
866,2012,9,9,DryAir Temp    °C (   °F)  ]Track Temp    °C (   °F)  ],DryAir Temp 20 °C (68 °F) 2]Track Temp 31 °C (88 °F) 2],0,0,0,0,0
867,2012,10,10,Fine and Dry  ] Air Temp    °C (   °F)  ] Track Temp    °C (   °F)  ],Fine and Dry 2] Air Temp 22 °C (72 °F) 2] Track Temp 30 °C (86 °F) 2],1,0,1,0,0
868,2012,11,11,Fine and Dry  Very Hot  ]  ] Air Temp    °C (   °F)  ] Track Temp    °C (    °F)  ],Fine and Dry  Very Hot 2] 3] Air Temp 30 °C (86 °F) 3] Track Temp 45 °C (113 °F) 3],1,0,1,0,0
869,2012,12,13,Fine and Dry  ] Air Temp    °C (   °F)  ] Track Temp    °C (   °F)  ],Fine and Dry 2] Air Temp 23 °C (73 °F) 2] Track Temp 33 °C (91 °F) 2],1,0,1,0,0
870,2012,13,14,Dry and sizzlingly sunny  ] Air temp    °C (   °F)  ] Track temp    °C (    °F)  ],Dry and sizzlingly sunny 2] Air temp 28 °C (82 °F) 2] Track temp 40 °C (104 °F) 2],1,0,1,0,0
871,2012,14,15,Hot and humid  ]Air Temp    °C (   °F)  ]Track Temp    °C (   °F)  ],Hot and humid 2]Air Temp 29 °C (84 °F) 2]Track Temp 31 °C (88 °F) 2],1,0,0,0,0
872,2012,15,22,Fine and Dry  ] Air Temp    °C (   °F)  ] Track Temp    °C (   °F)  ],Fine and Dry 2] Air Temp 23 °C (73 °F) 2] Track Temp 32 °C (90 °F) 2],1,0,1,0,0
873,2012,16,35,Fine and Dry  ] Air Temp    °C (   °F)  ] Track Temp    °C (   °F) dropping to    °C (   °F)  ],Fine and Dry 3] Air Temp 21 °C (70 °F) 3] Track Temp 27 °C (81 °F) dropping to 23 °C (73 °F) 3],1,0,1,0,0
874,2012,17,68,Fine  Dry  a little hazy and a little dusty  ] Air Temp    °C (   °F)  ] Track Temp    °C (   °F) dropping to    °C (   °F)  ],Fine  Dry  a little hazy and a little dusty 2] Air Temp 30 °C (86 °F) 2] Track Temp 36 °C (97 °F) dropping to 31 °C (88 °F) 2],1,0,1,0,0
875,2012,18,24,Dry  ] Air Temp    °C (   °F)  ] Track Temp    °C (   °F) dropping to    °C (   °F)  ],Dry 2] Air Temp 29 °C (84 °F) 2] Track Temp 34 °C (93 °F) dropping to 29 °C (84 °F) 2],0,0,1,0,0
876,2012,19,69,Scattered clouds  ]  ]Air temp    °C (   °F)  ]Track temp    °C (   °F)  ],Scattered clouds 2] 3]Air temp 24 °C (75 °F) 3]Track temp 32 °C (90 °F) 3],0,0,0,0,1
877,2012,20,18,Race start  drops of rain  light rain shower getting heavier at the end   ] Air Temp    °C (   °F)  ] Track Temp    °C (   °F)  ],Race start: drops of rain  light rain shower getting heavier at the end  2] Air Temp 19 °C (66 °F) 2] Track Temp 21 °C (70 °F) 2],0,0,0,1,0
878,2013,1,1,Scattered Clouds  Fine and Dry  ] Air Temp    °C (   °F)  ] Track Temp    °C (   °F) dropping to    °C (   °F)  ],Scattered Clouds  Fine and Dry 2] Air Temp 18 °C (64 °F) 2] Track Temp 25 °C (77 °F) dropping to 19 °C (66 °F) 2],1,0,1,0,1
879,2013,2,2,Light rain clearing to cloudy and dry,Light rain clearing to cloudy and dry,0,0,1,1,1
880,2013,3,17,not found,not found,0,0,0,0,0
881,2013,4,3,not found,not found,0,0,0,0,0
882,2013,5,4,Sunny,Sunny,1,0,0,0,0
883,2013,6,6,Warm and sunny,Warm and sunny,1,0,0,0,0
884,2013,7,7,Mild with temperatures approaching    °C (   °F)  wind speeds up to    kilometres per hour (    mph)  ],Mild with temperatures approaching 23 °C (73 °F); wind speeds up to 15 kilometres per hour (9 3 mph) 2],1,0,0,0,0
885,2013,8,9,Dry,Dry,0,0,1,0,0
886,2013,9,20,Sunny,Sunny,1,0,0,0,0
887,2013,10,11,Very hot and sunny    °C ,Very hot and sunny  35°C ,1,0,0,0,0
888,2013,11,13,not found,not found,0,0,0,0,0
889,2013,12,14,Cloudy,Cloudy,0,0,0,0,1
890,2013,13,15,Dry and    degrees,Dry and 29 degrees,0,0,1,0,0
891,2013,14,35,Cloudy with maximum temperatures reaching    degrees during the day,Cloudy with maximum temperatures reaching 29 degrees during the day,0,0,0,0,1
892,2013,15,22,Warm and sunny,Warm and sunny,1,0,0,0,0
893,2013,16,68,Sunny  haze,Sunny  haze,1,0,0,0,0
894,2013,17,24,Clear,Clear,1,0,0,0,0
895,2013,18,69,Partly cloudy  warmTemperatures reaching up to      °F (     °C)  wind speeds approaching speeds of      miles per hour (     km h)  ],Partly cloudy  warmTemperatures reaching up to 89 1 °F (31 7 °C); wind speeds approaching speeds of 11 1 miles per hour (17 9 km/h) 2],0,0,0,0,1
896,2013,19,18,Cloudy  Air Temp    °C,Cloudy  Air Temp: 18°C,0,0,0,0,1
897,2014,1,1,Overcast    °C(  °F),Overcast  19°C(66°F),0,0,0,0,1
898,2014,2,2,Dry    °C,Dry  32°C,0,0,1,0,0
899,2014,3,3,Dry,Dry,0,0,1,0,0
900,2014,4,17,Mostly cloudy  dry,Mostly cloudy  dry,0,0,1,0,1
901,2014,5,4,Sunny,Sunny,1,0,0,0,0
902,2014,6,6,Overcast  Air     to    °C (   to    °F)  Track     to    °C (   to    °F) ,Overcast  Air: 20 to 21 °C (68 to 70 °F)  Track: 28 to 30 °C (82 to 86 °F) ,0,0,0,0,1
903,2014,7,7,Temperatures up to      °C (     °F)  wind speeds up to      kilometres per hour (     mph)  ],Temperatures up to 27 6 °C (81 7 °F); wind speeds up to 16 4 kilometres per hour (10 2 mph) 5],0,0,0,0,0
904,2014,8,70,Partially cloudy  hot and dry,Partially cloudy  hot and dry,1,0,1,0,1
905,2014,9,9,Mostly cloudy with maximum temperatures reaching    degrees during the day ,Mostly cloudy with maximum temperatures reaching 21 degrees during the day ,0,0,0,0,1
906,2014,10,10,not found,not found,0,0,0,0,0
907,2014,11,11,Overcast  Wet track at start  then drying  Scattered thunderstorms during the day  temperatures reaching a maximum of    degrees   ],Overcast  Wet track at start  then drying  Scattered thunderstorms during the day  temperatures reaching a maximum of 26 degrees  1],0,0,0,1,1
908,2014,12,13,Mostly cloudy,Mostly cloudy,0,0,0,0,1
909,2014,13,14,Sunny  Air     °C (   °F)  Track     to    °C (   to     °F),Sunny; Air: 25 °C (77 °F)  Track: 37 to 42 °C (99 to 108 °F),1,0,0,0,0
910,2014,14,15,Clear  Air     to    °C (   to    °F) Track     to    °C (   to    °F) ,Clear  Air: 28 to 30 °C (82 to 86 °F) Track: 33 to 37 °C (91 to 99 °F) ,1,0,0,0,0
911,2014,15,22,Rain  Air     °C (   °F) Track     °C (   °F),Rain  Air: 20 °C (68 °F) Track: 24 °C (75 °F),0,0,0,1,0
912,2014,16,71,Fine and dry    °C (   °F) ambient temperature    °C (   °F) track temperature  ],Fine and dry;21 °C (70 °F) ambient temperature 33 °C (91 °F) track temperature 4],1,0,1,0,0
913,2014,17,69,Sunny  Air     °C (   °F)  Track     to    °C (   to    °F),Sunny  Air: 23 °C (73 °F)  Track: 31 to 34 °C (88 to 93 °F),1,0,0,0,0
914,2014,18,18,Sunny  Air     to    °C (   to    °F)  Track     to    °C (    to     °F),Sunny  Air: 23 to 24 °C (73 to 75 °F)  Track: 46 to 50 °C (115 to 122 °F),1,0,0,0,0
915,2014,19,24,Clear skies  Air temp     °C (   °F) during the day  dropping to    °C (     °F)  Wind speed    km h (    mph)   ] (Night race),Clear skies; Air temp: 30 °C (86 °F) during the day  dropping to 24 °C (75 2 °F)  Wind speed: 8 km/h (4 9 mph)  2] (Night race),1,0,0,0,0
916,2015,6,6,Partly cloudy  –   °C (  –   °F) air temperature  –   °C (  –   °F) track temperature    m s (    ft s) wind from the west  ],Partly cloudy18–19 °C (64–66 °F) air temperature31–37 °C (88–99 °F) track temperature1 5 m/s (4 9 ft/s) wind from the west 2],0,0,0,0,1
917,2015,7,7,Sunny  –   °C (  –   °F) air temperature   °C (    °F) track temperature  m s (   ft s) wind from the north  ],Sunny20–21 °C (68–70 °F) air temperature39 °C (102 °F) track temperature4 m/s (13 ft/s) wind from the north 2],1,0,0,0,0
918,2015,4,3,Sunny  clear  –   °C (  –   °F) air temperature  –   °C (  –   °F) track temperature    m s (    ft s) wind from the north  ],Sunny  clear24–26 °C (75–79 °F) air temperature28–31 °C (82–88 °F) track temperature1 5 m/s (4 9 ft/s) wind from the north 1],1,0,0,0,0
919,2015,5,4,Sunny   °C (   °F) air temperature   °C (    °F) track temperature    m s (    ft s) wind from the northeast  ],Sunny25 °C (77 °F) air temperature44 °C (111 °F) track temperature1 8 m/s (5 9 ft/s) wind from the northeast 3],1,0,0,0,0
920,2015,3,17,Sunny   °C (   °F) air temperature   °C (    °F) track temperature    m s (    ft s) wind from the northwest  ],Sunny21 °C (70 °F) air temperature46 °C (115 °F) track temperature1 4 m/s (4 6 ft/s) wind from the northwest 1],1,0,0,0,0
921,2015,1,1,Partly cloudy  –   °C (  –   °F) air temperature  –   °C (  –   °F) track temperature  m s (   ft s) wind from the south  ],Partly cloudy17–18 °C (63–64 °F) air temperature32–37 °C (90–99 °F) track temperature6 m/s (20 ft/s) wind from the south 3],0,0,0,0,1
922,2015,2,2,Sunny  –   °C (  –   °F) air temperature  –   °C (   –    °F) track temperature  m s (    ft s) wind from the south  ],Sunny32–33 °C (90–91 °F) air temperature53–58 °C (127–136 °F) track temperature2 m/s (6 6 ft/s) wind from the south 3],1,0,0,0,0
923,2015,8,70,Cloudy  –   °C (  –   °F) air temperature  –   °C (  –   °F) track temperature  m s (    ft s) wind from the west  ],Cloudy14–15 °C (57–59 °F) air temperature27–32 °C (81–90 °F) track temperature2 m/s (6 6 ft/s) wind from the west 2],0,0,0,0,1
924,2015,9,9,Cloudy  rain at times  –   °C (  –   °F) air temperature  –   °C (  –   °F) track temperature    m s (    ft s) wind from the east  ],Cloudy  rain at times17–20 °C (63–68 °F) air temperature24–32 °C (75–90 °F) track temperature2 5 m/s (8 2 ft/s) wind from the east 2],0,0,0,1,1
925,2015,10,11,Sunny  –   °C (  –   °F) air temperature  –   °C (   –    °F) track temperature    m s (   ft s) wind from the east  ],Sunny22–24 °C (72–75 °F) air temperature41–48 °C (106–118 °F) track temperature3 2 m/s (10 ft/s) wind from the east 2],1,0,0,0,0
926,2015,11,13,Cloudy   °C (   °F) air temperature  –   °C (  –   °F) track temperature    m s (   ft s) wind from the northwest  ],Cloudy23 °C (73 °F) air temperature33–37 °C (91–99 °F) track temperature3 5 m/s (11 ft/s) wind from the northwest 2],0,0,0,0,1
927,2015,12,14,Partly cloudy  –   °C (  –   °F) air temperature  –   °C (   –    °F) track temperature    m s (    ft s) wind from changing directions  ],Partly cloudy22–23 °C (72–73 °F) air temperature38–39 °C (100–102 °F) track temperature1 5 m/s (4 9 ft/s) wind from changing directions 2],0,0,0,0,1
928,2015,13,15,Dry  –   °C (  –   °F) air temperature  –   °C (  –   °F) track temperature    m s (    ft s) wind from the west  ],Dry28–29 °C (82–84 °F) air temperature34–36 °C (93–97 °F) track temperature0 5 m/s (1 6 ft/s) wind from the west 2],0,0,1,0,0
929,2015,14,22,Partly cloudy   °C (   °F) air temperature  –   °C (   –    °F) track temperature    m s (   ft s) wind from the east  ],Partly cloudy27 °C (81 °F) air temperature52–54 °C (126–129 °F) track temperature4 5 m/s (15 ft/s) wind from the east 2],0,0,0,0,1
930,2015,15,71,Partly cloudy   °C (   °F) air temperature  –   °C (  –   °F) track temperature    m s (    ft s) wind from the north  ],Partly cloudy18 °C (64 °F) air temperature25–27 °C (77–81 °F) track temperature1 5 m/s (4 9 ft/s) wind from the north 2],0,0,0,0,1
931,2015,16,69,Very cloudy   °C (   °F) air temperature  –   °C (  –   °F) track temperature  m s (   ft s) wind from the south  ],Very cloudy17 °C (63 °F) air temperature17–20 °C (63–68 °F) track temperature8 m/s (26 ft/s) wind from the south 2],0,0,0,0,1
932,2015,17,32,Partly cloudy  –   °C (  –   °F) air temperature  –   °C (   –    °F) track temperature    m s (    ft s) wind from the northwest  ],Partly cloudy22–24 °C (72–75 °F) air temperature48–56 °C (118–133 °F) track temperature1 5 m/s (4 9 ft/s) wind from the northwest 2],0,0,0,0,1
933,2015,18,18,Dry  –   °C (  –   °F) air temperature  –   °C (   –    °F) track temperature    m s (    ft s) wind from the north  ],Dry22–28 °C (72–82 °F) air temperature38–48 °C (100–118 °F) track temperature2 5 m/s (8 2 ft/s) wind from the north 2],0,0,1,0,0
934,2015,19,24,Clear  –   °C (  –   °F) air temperature  –   °C (  –   °F) track temperature    m s (    ft s) wind from the south  ],Clear25–27 °C (77–81 °F) air temperature28–29 °C (82–84 °F) track temperature1 5 m/s (4 9 ft/s) wind from the south 3],1,0,0,0,0
935,2016,1,1,Partly cloudy  –   °C (  –   °F) air temperature  –   °C (  –   °F) track temperature  m s (    mph     km h) wind from the south  ],Partly cloudy22–23 °C (72–73 °F) air temperature26–36 °C (79–97 °F) track temperature4 m/s (8 9 mph; 14 km/h) wind from the south 4],0,0,0,0,1
936,2016,2,3,Dry  –   °C (  –   °F) air temperature  –   °C (  –   °F) track temperature  m s (    ft s) wind from the southwest  ],Dry21–22 °C (70–72 °F) air temperature26–29 °C (79–84 °F) track temperature2 m/s (6 6 ft/s) wind from the southwest 4],0,0,1,0,0
937,2016,3,17,Sunny   °C (   °F) air temperature   °C (   °F) track temperature    m s (   ft s) wind from the northeast  ],Sunny21 °C (70 °F) air temperature37 °C (99 °F) track temperature4 8 m/s (16 ft/s) wind from the northeast 4],1,0,0,0,0
938,2016,4,71,Partly cloudy   °C (   °F) air temperature  –   °C (  –    °F) track temperature    m s (    ft s) wind from the southwest  ],Partly cloudy16 °C (61 °F) air temperature37–41 °C (99–106 °F) track temperature2 5 m/s (8 2 ft/s) wind from the southwest 4],0,0,0,0,1
939,2016,5,4,Partly cloudy  –   °C (  –   °F) air temperature  –   °C (   –    °F) track temperature  m s (    ft s) wind from the north  ],Partly cloudy20–22 °C (68–72 °F) air temperature39–41 °C (102–106 °F) track temperature2 m/s (6 6 ft/s) wind from the north 4],0,0,0,0,1
940,2016,6,6,Rainy at start  dry later  –   °C (  –   °F) air temperature  –   °C (  –   °F) track temperature  m s (    ft s) wind from the north  ],Rainy at start  dry later17–18 °C (63–64 °F) air temperature20–22 °C (68–72 °F) track temperature2 m/s (6 6 ft/s) wind from the north 4],0,0,1,1,0
941,2016,7,7,Cloudy   °C (   °F) air temperature  –   °C (  –   °F) track temperature    m s (    ft s) wind from the southeast  ],Cloudy12 °C (54 °F) air temperature21–23 °C (70–73 °F) track temperature2 5 m/s (8 2 ft/s) wind from the southeast 4],0,0,0,0,1
942,2016,8,73,Partly cloudy  –   °C (  –   °F) air temperature  –   °C (   –    °F) track temperature    m s (    ft s) wind from the southeast  ],Partly cloudy30–33 °C (86–91 °F) air temperature39–45 °C (102–113 °F) track temperature2 5 m/s (8 2 ft/s) wind from the southeast 4],0,0,0,0,1
943,2016,9,70,Cloudy,Cloudy,0,0,0,0,1
944,2016,10,9,Wet at start  dry later,Wet at start  dry later,0,0,1,1,0
945,2016,11,11,Sunny,Sunny,1,0,0,0,0
946,2016,12,10,Partially cloudy and dry,Partially cloudy and dry,0,0,1,0,1
947,2016,13,13,Partially cloudy and dry,Partially cloudy and dry,0,0,1,0,1
948,2016,14,14,Sunny  warm,Sunny  warm,1,0,0,0,0
949,2016,15,15,Clear   °C (   °F) air temperature  –   °C (  –   °F) track temperature    m s (    ft s) wind from the east  ],Clear30 °C (86 °F) air temperature34–35 °C (93–95 °F) track temperature1 5 m/s (4 9 ft/s) wind from the east 2],1,0,0,0,0
950,2016,16,2,Sunny   °C (   °F) air temperature   °C (    °F) track temperature    m s (    ft s) wind from the west  ],Sunny33 °C (91 °F) air temperature49 °C (120 °F) track temperature2 8 m/s (9 2 ft/s) wind from the west 2],1,0,0,0,0
951,2016,17,22,Cloudy,Cloudy,0,0,0,0,1
952,2016,18,69,Sunny and hot with temperatures reaching up to    °F (   °C)  wind speeds approaching speeds of     miles per hour (     km h)  ],Sunny and hot with temperatures reaching up to 84 °F (29 °C); wind speeds approaching speeds of 9 2 miles per hour (14 8 km/h) 2],1,0,0,0,0
953,2016,19,32,Sunny,Sunny,1,0,0,0,0
954,2016,20,18,Rain and    °C (     °F),Rain and 16 °C (60 8 °F),0,0,0,1,0
955,2016,21,24,Sunny,Sunny,1,0,0,0,0
956,2017,1,1,Partly cloudy   °C (   °F) air temperature  –   °C (  –   °F) track temperature  m s (    mph      km h) wind from the northwest  ],Partly cloudy24 °C (75 °F) air temperature31–36 °C (88–97 °F) track temperature2 m/s (4 5 mph; 7 2 km/h) wind from the northwest 3],0,0,0,0,1
957,2017,2,17,not found,not found,0,0,0,0,0
958,2017,3,3,not found,not found,0,0,0,0,0
959,2017,4,71,not found,not found,0,0,0,0,0
960,2017,5,4,not found,not found,0,0,0,0,0
961,2017,6,6,not found,not found,0,0,0,0,0
962,2017,7,7,Sunny and hot with temperatures reaching up to    °C (   °F)  wind speeds reaching      kilometres per hour (    mph)  ],Sunny and hot with temperatures reaching up to 29 °C (84 °F); wind speeds reaching 12 9 kilometres per hour (8 0 mph) 4],1,0,0,0,0
963,2017,8,73,Sunny,Sunny,1,0,0,0,0
964,2017,9,70,Partly cloudy,Partly cloudy,0,0,0,0,1
965,2017,10,9,Overcast,Overcast,0,0,0,0,1
966,2017,11,11,Sunny,Sunny,1,0,0,0,0
967,2017,12,13,Partially cloudy and dry,Partially cloudy and dry,0,0,1,0,1
968,2017,13,14,Sunny,Sunny,1,0,0,0,0
969,2017,14,15,Wet at start  then drying  Air temperature    °C (  °F),Wet at start  then drying  Air temperature: 28°C (82°F),0,0,0,1,0
970,2017,15,2,Cloudy,Cloudy,0,0,0,0,1
971,2017,16,22,Sunny,Sunny,1,0,0,0,0
972,2017,17,69,Sunny with temperatures reaching up to      °F (     °C)  wind speeds approaching speeds of      miles per hour (     km h)  ],Sunny with temperatures reaching up to 82 9 °F (28 3 °C); wind speeds approaching speeds of 13 8 miles per hour (22 2 km/h) 4],1,0,0,0,0
973,2017,18,32,Sunny  dry,Sunny  dry,1,0,1,0,0
974,2017,19,18,not found,not found,0,0,0,0,0
975,2017,20,24,Clear,Clear,1,0,0,0,0
976,2018,1,1,Sunny,Sunny,1,0,0,0,0
977,2018,2,3,not found,not found,0,0,0,0,0
978,2018,3,17,not found,not found,0,0,0,0,0
979,2018,4,73,Cloudy,Cloudy,0,0,0,0,1
980,2018,5,4,Partially cloudy and dry    °C and cold ,Partially cloudy and dry  16°C and cold ,0,1,1,0,1
981,2018,6,6,not found,not found,0,0,0,0,0
982,2018,7,7,Temperatures reaching up to      °C (     °F)  with wind speeds reaching      kilometres per hour (    mph)  ],Temperatures reaching up to 22 7 °C (72 9 °F); with wind speeds reaching 11 1 kilometres per hour (6 9 mph) 2],0,0,0,0,0
983,2018,8,34,Partially cloudy  warm and dry,Partially cloudy  warm and dry,1,0,1,0,1
984,2018,9,70,Sunny,Sunny,1,0,0,0,0
985,2018,10,9,Sunny      °C (     °F)  ],Sunny 27 0 °C (80 6 °F) 2],1,0,0,0,0
986,2018,11,10,Overcast with intermittent rain,Overcast with intermittent rain,0,0,0,1,1
987,2018,12,11,not found,not found,0,0,0,0,0
988,2018,13,13,not found,not found,0,0,0,0,0
989,2018,14,14,not found,not found,0,0,0,0,0
990,2018,15,15,not found,not found,0,0,0,0,0
991,2018,16,71,not found,not found,0,0,0,0,0
992,2018,17,22,not found,not found,0,0,0,0,0
993,2018,18,69,not found,not found,0,0,0,0,0
994,2018,19,32,not found,not found,0,0,0,0,0
995,2018,20,18,not found,not found,0,0,0,0,0
996,2018,21,24,not found,not found,0,0,0,0,0
997,2019,1,1,not found,not found,0,0,0,0,0
998,2019,2,3,Clear,Clear,1,0,0,0,0
999,2019,3,17,not found,not found,0,0,0,0,0
1000,2019,4,73,not found,not found,0,0,0,0,0
1001,2019,5,4,not found,not found,0,0,0,0,0
1002,2019,6,6,Overcast,Overcast,0,0,0,0,1
1003,2019,7,7,Temperatures reaching up to      °C (     °F)  wind speeds negligible  ],Temperatures reaching up to 29 6 °C (85 3 °F); wind speeds negligible 2],0,0,0,0,0
1004,2019,8,34,Clear,Clear,1,0,0,0,0
1005,2019,9,70,Sunny    C (  F),Sunny  36C (97F),1,0,0,0,0
1006,2019,10,9,Partly cloudy,Partly cloudy,0,0,0,0,1
1007,2019,11,10,Early rain  Late clouds,Early rain  Late clouds,0,0,0,1,1
1008,2019,12,11,Sunny,Sunny,1,0,0,0,0
1009,2019,13,13,Partly cloudy,Partly cloudy,0,0,0,0,1
1010,2019,14,14,Partly cloudy,Partly cloudy,0,0,0,0,1
1011,2019,15,15,Slightly hazy,Slightly hazy,0,0,0,0,0
1012,2019,16,71,Partly cloudy,Partly cloudy,0,0,0,0,1
1013,2019,17,22,Sunny,Sunny,1,0,0,0,0
1014,2019,18,32,Partly cloudy,Partly cloudy,0,0,0,0,1
1015,2019,19,69,Sunny,Sunny,1,0,0,0,0
1016,2019,20,18,Sunny,Sunny,1,0,0,0,0
1017,2019,21,24,Clear,Clear,1,0,0,0,0
1018,2020,1,70,Sunny,Sunny,1,0,0,0,0
1019,2020,2,70,Sunny,Sunny,1,0,0,0,0
1020,2020,3,11,not found,not found,0,0,0,0,0
1021,2020,4,9,not found,not found,0,0,0,0,0
1022,2020,5,9,not found,not found,0,0,0,0,0
1023,2020,6,4,not found,not found,0,0,0,0,0
1024,2020,7,13,not found,not found,0,0,0,0,0
1025,2020,8,14,not found,not found,0,0,0,0,0
